id,name,email,phone,image_1920_placeholder,current_level,learning_goals,desired_skills,user_id,total_courses,completed_courses,average_score,total_study_time,last_activity_date,is_active,inactive_days
1,Bowy Borgers,bowy.borgers@example.com,(06) 00994152,https://randomuser.me/api/portraits/men/11.jpg,advanced,Học tập & phát triển (NL); tuổi ước lượng: 60,Ngôn ngữ gốc: NL; mục tiêu theo hồ sơ RandomUser.,10000,1,1,6.0,2.0,2026-03-29,1,0
2,Mika Muller,mika.muller@example.com,077 453 20 40,https://randomuser.me/api/portraits/men/5.jpg,advanced,Học tập & phát triển (CH); tuổi ước lượng: 63,Ngôn ngữ gốc: CH; mục tiêu theo hồ sơ RandomUser.,10001,1,0,6.2,2.1,2026-03-29,1,1
3,Troy Vargas,troy.vargas@example.com,(773) 226-9948,https://randomuser.me/api/portraits/men/37.jpg,advanced,Học tập & phát triển (US); tuổi ước lượng: 64,Ngôn ngữ gốc: US; mục tiêu theo hồ sơ RandomUser.,10002,1,0,6.4,2.2,2026-03-29,1,2
4,آرمیتا قاسمی,armyt.qsmy@example.com,0931-843-6430,https://randomuser.me/api/portraits/women/25.jpg,advanced,Học tập & phát triển (IR); tuổi ước lượng: 51,Ngôn ngữ gốc: IR; mục tiêu theo hồ sơ RandomUser.,10003,1,1,6.6,2.3,2026-03-29,1,3
5,Zoe Phillips,zoe.phillips@example.com,081-226-8178,https://randomuser.me/api/portraits/women/68.jpg,intermediate,Học tập & phát triển (IE); tuổi ước lượng: 33,Ngôn ngữ gốc: IE; mục tiêu theo hồ sơ RandomUser.,10004,1,0,6.8,2.4,2026-03-29,1,4
6,مرسانا حسینی,mrsn.hsyny@example.com,0990-944-8548,https://randomuser.me/api/portraits/women/62.jpg,advanced,Học tập & phát triển (IR); tuổi ước lượng: 42,Ngôn ngữ gốc: IR; mục tiêu theo hồ sơ RandomUser.,10005,1,0,7.0,2.5,2026-03-29,1,5
7,یاسمن علیزاده,ysmn.aalyzdh@example.com,0981-818-5607,https://randomuser.me/api/portraits/women/45.jpg,intermediate,Học tập & phát triển (IR); tuổi ước lượng: 26,Ngôn ngữ gốc: IR; mục tiêu theo hồ sơ RandomUser.,10006,1,1,7.2,2.6,2026-03-29,1,6
8,Liam Mccoy,liam.mccoy@example.com,0499-315-562,https://randomuser.me/api/portraits/men/25.jpg,advanced,Học tập & phát triển (AU); tuổi ước lượng: 72,Ngôn ngữ gốc: AU; mục tiêu theo hồ sơ RandomUser.,10007,1,0,7.4,2.7,2026-03-29,1,7
9,Mira Nogueira,mira.nogueira@example.com,(16) 1636-1551,https://randomuser.me/api/portraits/women/73.jpg,advanced,Học tập & phát triển (BR); tuổi ước lượng: 58,Ngôn ngữ gốc: BR; mục tiêu theo hồ sơ RandomUser.,10008,1,0,7.6,2.8,2026-03-29,1,8
10,Fernão de Magalhães Fogaça,fernaodemagalhaes.fogaca@example.com,(77) 0327-7641,https://randomuser.me/api/portraits/men/1.jpg,intermediate,Học tập & phát triển (BR); tuổi ước lượng: 29,Ngôn ngữ gốc: BR; mục tiêu theo hồ sơ RandomUser.,10009,1,1,7.8,2.9,2026-03-29,1,9
11,Hanna Freitas,hanna.freitas@example.com,(67) 9887-4270,https://randomuser.me/api/portraits/women/61.jpg,advanced,Học tập & phát triển (BR); tuổi ước lượng: 80,Ngôn ngữ gốc: BR; mục tiêu theo hồ sơ RandomUser.,10010,1,0,8.0,3.0,2026-03-29,1,10
12,Daromir Romanovich,daromir.romanovich@example.com,(068) L69-3519,https://randomuser.me/api/portraits/men/38.jpg,advanced,Học tập & phát triển (UA); tuổi ước lượng: 51,Ngôn ngữ gốc: UA; mục tiêu theo hồ sơ RandomUser.,10011,1,0,8.2,3.1,2026-03-29,1,11
13,Arttu Korhonen,arttu.korhonen@example.com,041-723-03-88,https://randomuser.me/api/portraits/men/27.jpg,advanced,Học tập & phát triển (FI); tuổi ước lượng: 47,Ngôn ngữ gốc: FI; mục tiêu theo hồ sơ RandomUser.,10012,1,1,8.4,3.2,2026-03-29,1,0
14,پرنیا رضایی,prny.rdyy@example.com,0966-150-8436,https://randomuser.me/api/portraits/women/21.jpg,intermediate,Học tập & phát triển (IR); tuổi ước lượng: 39,Ngôn ngữ gốc: IR; mục tiêu theo hồ sơ RandomUser.,10013,1,0,8.6,3.3,2026-03-29,1,1
15,Clara Serrano,clara.serrano@example.com,643-430-991,https://randomuser.me/api/portraits/women/23.jpg,advanced,Học tập & phát triển (ES); tuổi ước lượng: 47,Ngôn ngữ gốc: ES; mục tiêu theo hồ sơ RandomUser.,10014,1,0,8.8,3.4,2026-03-29,1,2
16,Laurenz Schmelz,laurenz.schmelz@example.com,0178-6034229,https://randomuser.me/api/portraits/men/83.jpg,advanced,Học tập & phát triển (DE); tuổi ước lượng: 71,Ngôn ngữ gốc: DE; mục tiêu theo hồ sơ RandomUser.,10015,1,1,6.0,3.5,2026-03-29,1,3
17,Mariano Guerrero,mariano.guerrero@example.com,608-065-726,https://randomuser.me/api/portraits/men/81.jpg,advanced,Học tập & phát triển (ES); tuổi ước lượng: 70,Ngôn ngữ gốc: ES; mục tiêu theo hồ sơ RandomUser.,10016,1,0,6.2,3.6,2026-03-29,1,4
18,Leandra Ramos,leandra.ramos@example.com,(16) 7313-0531,https://randomuser.me/api/portraits/women/56.jpg,intermediate,Học tập & phát triển (BR); tuổi ước lượng: 37,Ngôn ngữ gốc: BR; mục tiêu theo hồ sơ RandomUser.,10017,1,0,6.4,3.7,2026-03-29,1,5
19,Florisbela Teixeira,florisbela.teixeira@example.com,(07) 9181-8291,https://randomuser.me/api/portraits/women/16.jpg,advanced,Học tập & phát triển (BR); tuổi ước lượng: 47,Ngôn ngữ gốc: BR; mục tiêu theo hồ sơ RandomUser.,10018,1,1,6.6,3.8,2026-03-29,1,6
20,Nick Ramos,nick.ramos@example.com,07966 126124,https://randomuser.me/api/portraits/men/74.jpg,advanced,Học tập & phát triển (GB); tuổi ước lượng: 40,Ngôn ngữ gốc: GB; mục tiêu theo hồ sơ RandomUser.,10019,1,0,6.8,3.9,2026-03-29,1,7
21,Kerim Evliyaoğlu,kerim.evliyaoglu@example.com,(415)-077-0039,https://randomuser.me/api/portraits/men/95.jpg,intermediate,Học tập & phát triển (TR); tuổi ước lượng: 28,Ngôn ngữ gốc: TR; mục tiêu theo hồ sơ RandomUser.,10020,1,0,7.0,4.0,2026-03-29,1,8
22,Arianna Spencer,arianna.spencer@example.com,0476-449-446,https://randomuser.me/api/portraits/women/25.jpg,advanced,Học tập & phát triển (AU); tuổi ước lượng: 60,Ngôn ngữ gốc: AU; mục tiêu theo hồ sơ RandomUser.,10021,1,1,7.2,4.1,2026-03-29,1,9
23,Annina Rodriguez,annina.rodriguez@example.com,078 573 72 08,https://randomuser.me/api/portraits/women/61.jpg,intermediate,Học tập & phát triển (CH); tuổi ước lượng: 32,Ngôn ngữ gốc: CH; mục tiêu theo hồ sơ RandomUser.,10022,1,0,7.4,4.2,2026-03-29,1,10
24,Randy Romero,randy.romero@example.com,07480 183786,https://randomuser.me/api/portraits/men/27.jpg,advanced,Học tập & phát triển (GB); tuổi ước lượng: 49,Ngôn ngữ gốc: GB; mục tiêu theo hồ sơ RandomUser.,10023,1,0,7.6,4.3,2026-03-29,1,11
25,Pranit Namnaik,pranit.namnaik@example.com,7769528583,https://randomuser.me/api/portraits/men/51.jpg,advanced,Học tập & phát triển (IN); tuổi ước lượng: 47,Ngôn ngữ gốc: IN; mục tiêu theo hồ sơ RandomUser.,10024,1,1,7.8,4.4,2026-03-29,1,0
26,Rafael Vidal,rafael.vidal@example.com,625-216-444,https://randomuser.me/api/portraits/men/77.jpg,advanced,Học tập & phát triển (ES); tuổi ước lượng: 65,Ngôn ngữ gốc: ES; mục tiêu theo hồ sơ RandomUser.,10025,1,0,8.0,4.5,2026-03-29,1,1
27,Michelle Gonzalez,michelle.gonzalez@example.com,(847) 641-5387,https://randomuser.me/api/portraits/women/81.jpg,advanced,Học tập & phát triển (US); tuổi ước lượng: 55,Ngôn ngữ gốc: US; mục tiêu theo hồ sơ RandomUser.,10026,1,0,8.2,4.6,2026-03-29,1,2
28,Jorge Centeno,jorge.centeno@example.com,(677) 682 7525,https://randomuser.me/api/portraits/men/21.jpg,advanced,Học tập & phát triển (MX); tuổi ước lượng: 72,Ngôn ngữ gốc: MX; mục tiêu theo hồ sơ RandomUser.,10027,1,1,8.4,4.7,2026-03-29,1,3
29,Vitomir Chernickiy,vitomir.chernickiy@example.com,(067) B88-0070,https://randomuser.me/api/portraits/men/72.jpg,advanced,Học tập & phát triển (UA); tuổi ước lượng: 72,Ngôn ngữ gốc: UA; mục tiêu theo hồ sơ RandomUser.,10028,1,0,8.6,4.8,2026-03-29,1,4
30,پارمیس سهيلي راد,prmys.shylyrd@example.com,0953-783-5690,https://randomuser.me/api/portraits/women/67.jpg,advanced,Học tập & phát triển (IR); tuổi ước lượng: 73,Ngôn ngữ gốc: IR; mục tiêu theo hồ sơ RandomUser.,10029,1,0,8.8,4.9,2026-03-29,1,5
31,Justin Bowman,justin.bowman@example.com,081-183-1307,https://randomuser.me/api/portraits/men/31.jpg,advanced,Học tập & phát triển (IE); tuổi ước lượng: 69,Ngôn ngữ gốc: IE; mục tiêu theo hồ sơ RandomUser.,10030,1,1,6.0,5.0,2026-03-29,1,6
32,Esma Sandalcı,esma.sandalci@example.com,(142)-589-8421,https://randomuser.me/api/portraits/women/87.jpg,intermediate,Học tập & phát triển (TR); tuổi ước lượng: 31,Ngôn ngữ gốc: TR; mục tiêu theo hồ sơ RandomUser.,10031,1,0,6.2,5.1,2026-03-29,1,7
33,Alejandro Carmona,alejandro.carmona@example.com,608-844-248,https://randomuser.me/api/portraits/men/34.jpg,advanced,Học tập & phát triển (ES); tuổi ước lượng: 57,Ngôn ngữ gốc: ES; mục tiêu theo hồ sơ RandomUser.,10032,1,0,6.4,5.2,2026-03-29,1,8
34,Nicklas Petersen,nicklas.petersen@example.com,43119286,https://randomuser.me/api/portraits/men/61.jpg,advanced,Học tập & phát triển (DK); tuổi ước lượng: 43,Ngôn ngữ gốc: DK; mục tiêu theo hồ sơ RandomUser.,10033,1,1,6.6,5.3,2026-03-29,1,9
35,Jolisa Van Zwet,jolisa.vanzwet@example.com,(06) 51714502,https://randomuser.me/api/portraits/women/33.jpg,intermediate,Học tập & phát triển (NL); tuổi ước lượng: 29,Ngôn ngữ gốc: NL; mục tiêu theo hồ sơ RandomUser.,10034,1,0,6.8,5.4,2026-03-29,1,10
36,Eva White,eva.white@example.com,07262 376593,https://randomuser.me/api/portraits/women/67.jpg,advanced,Học tập & phát triển (GB); tuổi ước lượng: 68,Ngôn ngữ gốc: GB; mục tiêu theo hồ sơ RandomUser.,10035,1,0,7.0,5.5,2026-03-29,1,11
37,Ishita Banerjee,ishita.banerjee@example.com,8748657326,https://randomuser.me/api/portraits/women/52.jpg,advanced,Học tập & phát triển (IN); tuổi ước lượng: 46,Ngôn ngữ gốc: IN; mục tiêu theo hồ sơ RandomUser.,10036,1,1,7.2,5.6,2026-03-29,1,0
38,Artem Antonov-Ovsiienko,artem.antonov-ovsiienko@example.com,(067) E34-5159,https://randomuser.me/api/portraits/men/54.jpg,advanced,Học tập & phát triển (UA); tuổi ước lượng: 44,Ngôn ngữ gốc: UA; mục tiêu theo hồ sơ RandomUser.,10037,1,0,7.4,5.7,2026-03-29,1,1
39,Anna Brown,anna.brown@example.com,(893) 377-3868,https://randomuser.me/api/portraits/women/55.jpg,intermediate,Học tập & phát triển (US); tuổi ước lượng: 34,Ngôn ngữ gốc: US; mục tiêu theo hồ sơ RandomUser.,10038,1,0,7.6,5.8,2026-03-29,1,2
40,Vera Moi,vera.moi@example.com,96100380,https://randomuser.me/api/portraits/women/41.jpg,advanced,Học tập & phát triển (NO); tuổi ước lượng: 50,Ngôn ngữ gốc: NO; mục tiêu theo hồ sơ RandomUser.,10039,1,1,7.8,5.9,2026-03-29,1,3
41,Kaća Topić,kaca.topic@example.com,060-5597-718,https://randomuser.me/api/portraits/women/71.jpg,advanced,Học tập & phát triển (RS); tuổi ước lượng: 75,Ngôn ngữ gốc: RS; mục tiêu theo hồ sơ RandomUser.,10040,1,0,8.0,2.0,2026-03-29,1,4
42,Ann Andrews,ann.andrews@example.com,(337) 448-1572,https://randomuser.me/api/portraits/women/80.jpg,advanced,Học tập & phát triển (US); tuổi ước lượng: 68,Ngôn ngữ gốc: US; mục tiêu theo hồ sơ RandomUser.,10041,1,0,8.2,2.1,2026-03-29,1,5
43,Ayşe Pektemek,ayse.pektemek@example.com,(440)-407-9698,https://randomuser.me/api/portraits/women/49.jpg,advanced,Học tập & phát triển (TR); tuổi ước lượng: 68,Ngôn ngữ gốc: TR; mục tiêu theo hồ sơ RandomUser.,10042,1,1,8.4,2.2,2026-03-29,1,6
44,آریا سالاری,ary.slry@example.com,0963-959-4637,https://randomuser.me/api/portraits/men/80.jpg,advanced,Học tập & phát triển (IR); tuổi ước lượng: 80,Ngôn ngữ gốc: IR; mục tiêu theo hồ sơ RandomUser.,10043,1,0,8.6,2.3,2026-03-29,1,7
45,Sofia Grewal,sofia.grewal@example.com,Q51 G37-3757,https://randomuser.me/api/portraits/women/54.jpg,advanced,Học tập & phát triển (CA); tuổi ước lượng: 50,Ngôn ngữ gốc: CA; mục tiêu theo hồ sơ RandomUser.,10044,1,0,8.8,2.4,2026-03-29,1,8
46,Oliver Zhang,oliver.zhang@example.com,(664)-199-4630,https://randomuser.me/api/portraits/men/4.jpg,intermediate,Học tập & phát triển (NZ); tuổi ước lượng: 38,Ngôn ngữ gốc: NZ; mục tiêu theo hồ sơ RandomUser.,10045,1,1,6.0,2.5,2026-03-29,1,9
47,Iloy Taal,iloy.taal@example.com,(06) 70100965,https://randomuser.me/api/portraits/men/26.jpg,advanced,Học tập & phát triển (NL); tuổi ước lượng: 60,Ngôn ngữ gốc: NL; mục tiêu theo hồ sơ RandomUser.,10046,1,0,6.2,2.6,2026-03-29,1,10
48,Clara Lévesque,clara.levesque@example.com,R63 K89-1223,https://randomuser.me/api/portraits/women/27.jpg,advanced,Học tập & phát triển (CA); tuổi ước lượng: 67,Ngôn ngữ gốc: CA; mục tiêu theo hồ sơ RandomUser.,10047,1,0,6.4,2.7,2026-03-29,1,11
49,Nicholas Beck,nicholas.beck@example.com,0421-075-794,https://randomuser.me/api/portraits/men/87.jpg,advanced,Học tập & phát triển (AU); tuổi ước lượng: 48,Ngôn ngữ gốc: AU; mục tiêu theo hồ sơ RandomUser.,10048,1,1,6.6,2.8,2026-03-29,1,0
50,Aatu Waara,aatu.waara@example.com,046-021-58-21,https://randomuser.me/api/portraits/men/46.jpg,advanced,Học tập & phát triển (FI); tuổi ước lượng: 50,Ngôn ngữ gốc: FI; mục tiêu theo hồ sơ RandomUser.,10049,1,0,6.8,2.9,2026-03-29,1,1
51,Owen Jensen,owen.jensen@example.com,(471) 390-4079,https://randomuser.me/api/portraits/men/38.jpg,advanced,Học tập & phát triển (US); tuổi ước lượng: 75,Ngôn ngữ gốc: US; mục tiêu theo hồ sơ RandomUser.,10050,1,0,7.0,3.0,2026-03-29,1,2
52,Sami Hamre,sami.hamre@example.com,43269756,https://randomuser.me/api/portraits/men/63.jpg,advanced,Học tập & phát triển (NO); tuổi ước lượng: 70,Ngôn ngữ gốc: NO; mục tiêu theo hồ sơ RandomUser.,10051,1,1,7.2,3.1,2026-03-29,1,3
53,Alexis Chu,alexis.chu@example.com,Z49 T14-3123,https://randomuser.me/api/portraits/men/82.jpg,advanced,Học tập & phát triển (CA); tuổi ước lượng: 45,Ngôn ngữ gốc: CA; mục tiêu theo hồ sơ RandomUser.,10052,1,0,7.4,3.2,2026-03-29,1,4
54,Izolda Dinčić,izolda.dincic@example.com,060-7616-556,https://randomuser.me/api/portraits/women/55.jpg,advanced,Học tập & phát triển (RS); tuổi ước lượng: 70,Ngôn ngữ gốc: RS; mục tiêu theo hồ sơ RandomUser.,10053,1,0,7.6,3.3,2026-03-29,1,5
55,Aurora Wilson,aurora.wilson@example.com,(171)-115-2365,https://randomuser.me/api/portraits/women/45.jpg,advanced,Học tập & phát triển (NZ); tuổi ước lượng: 47,Ngôn ngữ gốc: NZ; mục tiêu theo hồ sơ RandomUser.,10054,1,1,7.8,3.4,2026-03-29,1,6
56,Lorenzo Ferrer,lorenzo.ferrer@example.com,634-457-892,https://randomuser.me/api/portraits/men/9.jpg,advanced,Học tập & phát triển (ES); tuổi ước lượng: 78,Ngôn ngữ gốc: ES; mục tiêu theo hồ sơ RandomUser.,10055,1,0,8.0,3.5,2026-03-29,1,7
57,Earl Owens,earl.owens@example.com,081-502-9335,https://randomuser.me/api/portraits/men/24.jpg,advanced,Học tập & phát triển (IE); tuổi ước lượng: 72,Ngôn ngữ gốc: IE; mục tiêu theo hồ sơ RandomUser.,10056,1,0,8.2,3.6,2026-03-29,1,8
58,Helmtrud Bröker,helmtrud.broker@example.com,0170-8509643,https://randomuser.me/api/portraits/women/24.jpg,intermediate,Học tập & phát triển (DE); tuổi ước lượng: 28,Ngôn ngữ gốc: DE; mục tiêu theo hồ sơ RandomUser.,10057,1,1,8.4,3.7,2026-03-29,1,9
59,Amber Jones,amber.jones@example.com,(416)-209-0074,https://randomuser.me/api/portraits/women/13.jpg,advanced,Học tập & phát triển (NZ); tuổi ước lượng: 57,Ngôn ngữ gốc: NZ; mục tiêu theo hồ sơ RandomUser.,10058,1,0,8.6,3.8,2026-03-29,1,10
60,Irene Grindheim,irene.grindheim@example.com,46379722,https://randomuser.me/api/portraits/women/12.jpg,advanced,Học tập & phát triển (NO); tuổi ước lượng: 67,Ngôn ngữ gốc: NO; mục tiêu theo hồ sơ RandomUser.,10059,1,0,8.8,3.9,2026-03-29,1,11
61,Hannah Richards,hannah.richards@example.com,0469-518-734,https://randomuser.me/api/portraits/women/83.jpg,intermediate,Học tập & phát triển (AU); tuổi ước lượng: 24,Ngôn ngữ gốc: AU; mục tiêu theo hồ sơ RandomUser.,10060,1,1,6.0,4.0,2026-03-29,1,0
62,Carmen Reyes,carmen.reyes@example.com,0428-639-228,https://randomuser.me/api/portraits/women/41.jpg,advanced,Học tập & phát triển (AU); tuổi ước lượng: 62,Ngôn ngữ gốc: AU; mục tiêu theo hồ sơ RandomUser.,10061,1,0,6.2,4.1,2026-03-29,1,1
63,Ivan Todorović,ivan.todorovic@example.com,062-0058-306,https://randomuser.me/api/portraits/men/34.jpg,intermediate,Học tập & phát triển (RS); tuổi ước lượng: 33,Ngôn ngữ gốc: RS; mục tiêu theo hồ sơ RandomUser.,10062,1,0,6.4,4.2,2026-03-29,1,2
64,Irmgard Manthey,irmgard.manthey@example.com,0170-4502225,https://randomuser.me/api/portraits/women/1.jpg,advanced,Học tập & phát triển (DE); tuổi ước lượng: 66,Ngôn ngữ gốc: DE; mục tiêu theo hồ sơ RandomUser.,10063,1,1,6.6,4.3,2026-03-29,1,3
65,Sandra Medina,sandra.medina@example.com,695-461-046,https://randomuser.me/api/portraits/women/25.jpg,intermediate,Học tập & phát triển (ES); tuổi ước lượng: 29,Ngôn ngữ gốc: ES; mục tiêu theo hồ sơ RandomUser.,10064,1,0,6.8,4.4,2026-03-29,1,4
66,Tabita Carvalho,tabita.carvalho@example.com,(06) 0232-3762,https://randomuser.me/api/portraits/women/17.jpg,advanced,Học tập & phát triển (BR); tuổi ước lượng: 76,Ngôn ngữ gốc: BR; mục tiêu theo hồ sơ RandomUser.,10065,1,0,7.0,4.5,2026-03-29,1,5
67,Madhura Nand,madhura.nand@example.com,9902545910,https://randomuser.me/api/portraits/women/90.jpg,advanced,Học tập & phát triển (IN); tuổi ước lượng: 41,Ngôn ngữ gốc: IN; mục tiêu theo hồ sơ RandomUser.,10066,1,1,7.2,4.6,2026-03-29,1,6
68,Freja Thomsen,freja.thomsen@example.com,30112814,https://randomuser.me/api/portraits/women/10.jpg,advanced,Học tập & phát triển (DK); tuổi ước lượng: 69,Ngôn ngữ gốc: DK; mục tiêu theo hồ sơ RandomUser.,10067,1,0,7.4,4.7,2026-03-29,1,7
69,Jade Mitchell,jade.mitchell@example.com,U25 T82-9624,https://randomuser.me/api/portraits/women/28.jpg,advanced,Học tập & phát triển (CA); tuổi ước lượng: 61,Ngôn ngữ gốc: CA; mục tiêu theo hồ sơ RandomUser.,10068,1,0,7.6,4.8,2026-03-29,1,8
70,عرشيا حیدری,aarshy.hydry@example.com,0955-899-9975,https://randomuser.me/api/portraits/men/28.jpg,advanced,Học tập & phát triển (IR); tuổi ước lượng: 40,Ngôn ngữ gốc: IR; mục tiêu theo hồ sơ RandomUser.,10069,1,1,7.8,4.9,2026-03-29,1,9
71,Guillermo Manzanares,guillermo.manzanares@example.com,(640) 775 8900,https://randomuser.me/api/portraits/men/76.jpg,advanced,Học tập & phát triển (MX); tuổi ước lượng: 42,Ngôn ngữ gốc: MX; mục tiêu theo hồ sơ RandomUser.,10070,1,0,8.0,5.0,2026-03-29,1,10
72,Suzy Odonoghue,suzy.odonoghue@example.com,081-696-5959,https://randomuser.me/api/portraits/women/45.jpg,advanced,Học tập & phát triển (IE); tuổi ước lượng: 79,Ngôn ngữ gốc: IE; mục tiêu theo hồ sơ RandomUser.,10071,1,0,8.2,5.1,2026-03-29,1,11
73,Väinö Tikkanen,vaino.tikkanen@example.com,047-329-26-40,https://randomuser.me/api/portraits/men/23.jpg,advanced,Học tập & phát triển (FI); tuổi ước lượng: 65,Ngôn ngữ gốc: FI; mục tiêu theo hồ sơ RandomUser.,10072,1,1,8.4,5.2,2026-03-29,1,0
74,Adílio Souza,adilio.souza@example.com,(79) 5404-4021,https://randomuser.me/api/portraits/men/49.jpg,intermediate,Học tập & phát triển (BR); tuổi ước lượng: 39,Ngôn ngữ gốc: BR; mục tiêu theo hồ sơ RandomUser.,10073,1,0,8.6,5.3,2026-03-29,1,1
75,Yandel Pedroza,yandel.pedroza@example.com,(699) 685 5424,https://randomuser.me/api/portraits/men/78.jpg,advanced,Học tập & phát triển (MX); tuổi ước lượng: 57,Ngôn ngữ gốc: MX; mục tiêu theo hồ sơ RandomUser.,10074,1,0,8.8,5.4,2026-03-29,1,2
76,Hansjörg Köstler,hansjorg.kostler@example.com,0173-1872496,https://randomuser.me/api/portraits/men/35.jpg,advanced,Học tập & phát triển (DE); tuổi ước lượng: 64,Ngôn ngữ gốc: DE; mục tiêu theo hồ sơ RandomUser.,10075,1,1,6.0,5.5,2026-03-29,1,3
77,Amandine Henry,amandine.henry@example.com,06-50-25-60-92,https://randomuser.me/api/portraits/women/30.jpg,advanced,Học tập & phát triển (FR); tuổi ước lượng: 67,Ngôn ngữ gốc: FR; mục tiêu theo hồ sơ RandomUser.,10076,1,0,6.2,5.6,2026-03-29,1,4
78,Ariana Zhang,ariana.zhang@example.com,(814)-309-2592,https://randomuser.me/api/portraits/women/34.jpg,advanced,Học tập & phát triển (NZ); tuổi ước lượng: 77,Ngôn ngữ gốc: NZ; mục tiêu theo hồ sơ RandomUser.,10077,1,0,6.4,5.7,2026-03-29,1,5
79,Đurađ Jakovljević,durad.jakovljevic@example.com,061-8280-001,https://randomuser.me/api/portraits/men/71.jpg,advanced,Học tập & phát triển (RS); tuổi ước lượng: 66,Ngôn ngữ gốc: RS; mục tiêu theo hồ sơ RandomUser.,10078,1,1,6.6,5.8,2026-03-29,1,6
80,دانیال کوتی,dnyl.khwty@example.com,0998-258-4068,https://randomuser.me/api/portraits/men/51.jpg,advanced,Học tập & phát triển (IR); tuổi ước lượng: 54,Ngôn ngữ gốc: IR; mục tiêu theo hồ sơ RandomUser.,10079,1,0,6.8,5.9,2026-03-29,1,7
81,Buse Akman,buse.akman@example.com,(336)-634-1664,https://randomuser.me/api/portraits/women/42.jpg,advanced,Học tập & phát triển (TR); tuổi ước lượng: 53,Ngôn ngữ gốc: TR; mục tiêu theo hồ sơ RandomUser.,10080,1,0,7.0,2.0,2026-03-29,1,8
82,Isla Roberts,isla.roberts@example.com,(610)-284-5319,https://randomuser.me/api/portraits/women/32.jpg,advanced,Học tập & phát triển (NZ); tuổi ước lượng: 40,Ngôn ngữ gốc: NZ; mục tiêu theo hồ sơ RandomUser.,10081,1,1,7.2,2.1,2026-03-29,1,9
83,Lily Evans,lily.evans@example.com,(941)-132-6888,https://randomuser.me/api/portraits/women/70.jpg,advanced,Học tập & phát triển (NZ); tuổi ước lượng: 77,Ngôn ngữ gốc: NZ; mục tiêu theo hồ sơ RandomUser.,10082,1,0,7.4,2.2,2026-03-29,1,10
84,Lilly Dupuis,lilly.dupuis@example.com,06-93-23-43-88,https://randomuser.me/api/portraits/women/34.jpg,advanced,Học tập & phát triển (FR); tuổi ước lượng: 63,Ngôn ngữ gốc: FR; mục tiêu theo hồ sơ RandomUser.,10083,1,0,7.6,2.3,2026-03-29,1,11
85,Vukašin Radivojević,vukasin.radivojevic@example.com,062-0990-201,https://randomuser.me/api/portraits/men/79.jpg,advanced,Học tập & phát triển (RS); tuổi ước lượng: 50,Ngôn ngữ gốc: RS; mục tiêu theo hồ sơ RandomUser.,10084,1,1,7.8,2.4,2026-03-29,1,0
86,Lauritz Engeland,lauritz.engeland@example.com,90861028,https://randomuser.me/api/portraits/men/34.jpg,advanced,Học tập & phát triển (NO); tuổi ước lượng: 70,Ngôn ngữ gốc: NO; mục tiêu theo hồ sơ RandomUser.,10085,1,0,8.0,2.5,2026-03-29,1,1
87,Mitchell Garrett,mitchell.garrett@example.com,07358 247063,https://randomuser.me/api/portraits/men/32.jpg,advanced,Học tập & phát triển (GB); tuổi ước lượng: 61,Ngôn ngữ gốc: GB; mục tiêu theo hồ sơ RandomUser.,10086,1,0,8.2,2.6,2026-03-29,1,2
88,Adam Hall,adam.hall@example.com,(043)-906-9987,https://randomuser.me/api/portraits/men/38.jpg,advanced,Học tập & phát triển (NZ); tuổi ước lượng: 51,Ngôn ngữ gốc: NZ; mục tiêu theo hồ sơ RandomUser.,10087,1,1,8.4,2.7,2026-03-29,1,3
89,Ed Rice,ed.rice@example.com,07741 525798,https://randomuser.me/api/portraits/men/39.jpg,advanced,Học tập & phát triển (GB); tuổi ước lượng: 74,Ngôn ngữ gốc: GB; mục tiêu theo hồ sơ RandomUser.,10088,1,0,8.6,2.8,2026-03-29,1,4
90,Mya Leroux,mya.leroux@example.com,06-95-75-76-28,https://randomuser.me/api/portraits/women/54.jpg,intermediate,Học tập & phát triển (FR); tuổi ước lượng: 34,Ngôn ngữ gốc: FR; mục tiêu theo hồ sơ RandomUser.,10089,1,0,8.8,2.9,2026-03-29,1,5
91,Jon Price,jon.price@example.com,081-899-2864,https://randomuser.me/api/portraits/men/3.jpg,advanced,Học tập & phát triển (IE); tuổi ước lượng: 48,Ngôn ngữ gốc: IE; mục tiêu theo hồ sơ RandomUser.,10090,1,1,6.0,3.0,2026-03-29,1,6
92,Marcus Salberg,marcus.salberg@example.com,94921391,https://randomuser.me/api/portraits/men/41.jpg,advanced,Học tập & phát triển (NO); tuổi ước lượng: 80,Ngôn ngữ gốc: NO; mục tiêu theo hồ sơ RandomUser.,10091,1,0,6.2,3.1,2026-03-29,1,7
93,Iegor Gavrilyak,iegor.gavrilyak@example.com,(067) Z16-5567,https://randomuser.me/api/portraits/men/32.jpg,advanced,Học tập & phát triển (UA); tuổi ước lượng: 78,Ngôn ngữ gốc: UA; mục tiêu theo hồ sơ RandomUser.,10092,1,0,6.4,3.2,2026-03-29,1,8
94,Katherine Caldwell,katherine.caldwell@example.com,07681 478666,https://randomuser.me/api/portraits/women/2.jpg,advanced,Học tập & phát triển (GB); tuổi ước lượng: 51,Ngôn ngữ gốc: GB; mục tiêu theo hồ sơ RandomUser.,10093,1,1,6.6,3.3,2026-03-29,1,9
95,Samarth Ramesh,samarth.ramesh@example.com,8806712536,https://randomuser.me/api/portraits/men/79.jpg,advanced,Học tập & phát triển (IN); tuổi ước lượng: 41,Ngôn ngữ gốc: IN; mục tiêu theo hồ sơ RandomUser.,10094,1,0,6.8,3.4,2026-03-29,1,10
96,Julia Wright,julia.wright@example.com,081-296-3248,https://randomuser.me/api/portraits/women/60.jpg,intermediate,Học tập & phát triển (IE); tuổi ước lượng: 33,Ngôn ngữ gốc: IE; mục tiêu theo hồ sơ RandomUser.,10095,1,0,7.0,3.5,2026-03-29,1,11
97,Cecilie Christiansen,cecilie.christiansen@example.com,50213071,https://randomuser.me/api/portraits/women/53.jpg,intermediate,Học tập & phát triển (DK); tuổi ước lượng: 31,Ngôn ngữ gốc: DK; mục tiêu theo hồ sơ RandomUser.,10096,1,1,7.2,3.6,2026-03-29,1,0
98,Walter Jacobs,walter.jacobs@example.com,07230 367859,https://randomuser.me/api/portraits/men/81.jpg,advanced,Học tập & phát triển (GB); tuổi ước lượng: 80,Ngôn ngữ gốc: GB; mục tiêu theo hồ sơ RandomUser.,10097,1,0,7.4,3.7,2026-03-29,1,1
99,Pihla Kallio,pihla.kallio@example.com,044-069-41-37,https://randomuser.me/api/portraits/women/95.jpg,advanced,Học tập & phát triển (FI); tuổi ước lượng: 60,Ngôn ngữ gốc: FI; mục tiêu theo hồ sơ RandomUser.,10098,1,0,7.6,3.8,2026-03-29,1,2
100,Paige Edwards,paige.edwards@example.com,07747 975092,https://randomuser.me/api/portraits/women/62.jpg,advanced,Học tập & phát triển (GB); tuổi ước lượng: 53,Ngôn ngữ gốc: GB; mục tiêu theo hồ sơ RandomUser.,10099,1,1,7.8,3.9,2026-03-29,1,3
101,Yustina Gromiko,yustina.gromiko@example.com,(067) P44-3348,https://randomuser.me/api/portraits/women/10.jpg,advanced,Học tập & phát triển (UA); tuổi ước lượng: 66,Ngôn ngữ gốc: UA; mục tiêu theo hồ sơ RandomUser.,10100,1,0,8.0,4.0,2026-03-29,1,4
102,Jonatã Oliveira,jonata.oliveira@example.com,(09) 4488-9114,https://randomuser.me/api/portraits/men/10.jpg,advanced,Học tập & phát triển (BR); tuổi ước lượng: 61,Ngôn ngữ gốc: BR; mục tiêu theo hồ sơ RandomUser.,10101,1,0,8.2,4.1,2026-03-29,1,5
103,Frida Andersen,frida.andersen@example.com,05321354,https://randomuser.me/api/portraits/women/6.jpg,advanced,Học tập & phát triển (DK); tuổi ước lượng: 60,Ngôn ngữ gốc: DK; mục tiêu theo hồ sơ RandomUser.,10102,1,1,8.4,4.2,2026-03-29,1,6
104,Silvija Hadžić,silvija.hadzic@example.com,067-0766-185,https://randomuser.me/api/portraits/women/44.jpg,advanced,Học tập & phát triển (RS); tuổi ước lượng: 60,Ngôn ngữ gốc: RS; mục tiêu theo hồ sơ RandomUser.,10103,1,0,8.6,4.3,2026-03-29,1,7
105,Ángeles Vicente,angeles.vicente@example.com,639-231-805,https://randomuser.me/api/portraits/women/53.jpg,advanced,Học tập & phát triển (ES); tuổi ước lượng: 61,Ngôn ngữ gốc: ES; mục tiêu theo hồ sơ RandomUser.,10104,1,0,8.8,4.4,2026-03-29,1,8
106,Lyam Noel,lyam.noel@example.com,06-74-91-94-55,https://randomuser.me/api/portraits/men/59.jpg,advanced,Học tập & phát triển (FR); tuổi ước lượng: 52,Ngôn ngữ gốc: FR; mục tiêu theo hồ sơ RandomUser.,10105,1,1,6.0,4.5,2026-03-29,1,9
107,Justin Douglas,justin.douglas@example.com,081-459-5207,https://randomuser.me/api/portraits/men/82.jpg,intermediate,Học tập & phát triển (IE); tuổi ước lượng: 29,Ngôn ngữ gốc: IE; mục tiêu theo hồ sơ RandomUser.,10106,1,0,6.2,4.6,2026-03-29,1,10
108,Natnael Almaas,natnael.almaas@example.com,94424131,https://randomuser.me/api/portraits/men/77.jpg,advanced,Học tập & phát triển (NO); tuổi ước lượng: 45,Ngôn ngữ gốc: NO; mục tiêu theo hồ sơ RandomUser.,10107,1,0,6.4,4.7,2026-03-29,1,11
109,Keira King,keira.king@example.com,(551)-524-8423,https://randomuser.me/api/portraits/women/39.jpg,advanced,Học tập & phát triển (NZ); tuổi ước lượng: 43,Ngôn ngữ gốc: NZ; mục tiêu theo hồ sơ RandomUser.,10108,1,1,6.6,4.8,2026-03-29,1,0
110,Erik Harvey,erik.harvey@example.com,0424-384-634,https://randomuser.me/api/portraits/men/35.jpg,intermediate,Học tập & phát triển (AU); tuổi ước lượng: 34,Ngôn ngữ gốc: AU; mục tiêu theo hồ sơ RandomUser.,10109,1,0,6.8,4.9,2026-03-29,1,1
111,Javier Kelley,javier.kelley@example.com,0431-017-642,https://randomuser.me/api/portraits/men/3.jpg,advanced,Học tập & phát triển (AU); tuổi ước lượng: 61,Ngôn ngữ gốc: AU; mục tiêu theo hồ sơ RandomUser.,10110,1,0,7.0,5.0,2026-03-29,1,2
112,Pascual Miranda,pascual.miranda@example.com,(691) 099 5606,https://randomuser.me/api/portraits/men/21.jpg,advanced,Học tập & phát triển (MX); tuổi ước lượng: 69,Ngôn ngữ gốc: MX; mục tiêu theo hồ sơ RandomUser.,10111,1,1,7.2,5.1,2026-03-29,1,3
113,Carter Jackson,carter.jackson@example.com,(886)-754-8045,https://randomuser.me/api/portraits/men/0.jpg,intermediate,Học tập & phát triển (NZ); tuổi ước lượng: 27,Ngôn ngữ gốc: NZ; mục tiêu theo hồ sơ RandomUser.,10112,1,0,7.4,5.2,2026-03-29,1,4
114,Vitan Grigorishin,vitan.grigorishin@example.com,(067) D82-1684,https://randomuser.me/api/portraits/men/26.jpg,intermediate,Học tập & phát triển (UA); tuổi ước lượng: 39,Ngôn ngữ gốc: UA; mục tiêu theo hồ sơ RandomUser.,10113,1,0,7.6,5.3,2026-03-29,1,5
115,Reyansh Rao,reyansh.rao@example.com,9341108609,https://randomuser.me/api/portraits/men/53.jpg,advanced,Học tập & phát triển (IN); tuổi ước lượng: 73,Ngôn ngữ gốc: IN; mục tiêu theo hồ sơ RandomUser.,10114,1,1,7.8,5.4,2026-03-29,1,6
116,Herman Cole,herman.cole@example.com,0469-824-565,https://randomuser.me/api/portraits/men/90.jpg,advanced,Học tập & phát triển (AU); tuổi ước lượng: 41,Ngôn ngữ gốc: AU; mục tiêu theo hồ sơ RandomUser.,10115,1,0,8.0,5.5,2026-03-29,1,7
117,Noah Pedersen,noah.pedersen@example.com,06816318,https://randomuser.me/api/portraits/men/11.jpg,advanced,Học tập & phát triển (DK); tuổi ước lượng: 51,Ngôn ngữ gốc: DK; mục tiêu theo hồ sơ RandomUser.,10116,1,0,8.2,5.6,2026-03-29,1,8
118,Clarence Stewart,clarence.stewart@example.com,081-471-5448,https://randomuser.me/api/portraits/men/2.jpg,advanced,Học tập & phát triển (IE); tuổi ước lượng: 50,Ngôn ngữ gốc: IE; mục tiêu theo hồ sơ RandomUser.,10117,1,1,8.4,5.7,2026-03-29,1,9
119,Jessica Harris,jessica.harris@example.com,(036)-385-6731,https://randomuser.me/api/portraits/women/45.jpg,advanced,Học tập & phát triển (NZ); tuổi ước lượng: 41,Ngôn ngữ gốc: NZ; mục tiêu theo hồ sơ RandomUser.,10118,1,0,8.6,5.8,2026-03-29,1,10
120,Wade Perkins,wade.perkins@example.com,07836 618513,https://randomuser.me/api/portraits/men/46.jpg,advanced,Học tập & phát triển (GB); tuổi ước lượng: 71,Ngôn ngữ gốc: GB; mục tiêu theo hồ sơ RandomUser.,10119,1,0,8.8,5.9,2026-03-29,1,11
121,Mae Mendoza,mae.mendoza@example.com,0409-347-784,https://randomuser.me/api/portraits/women/51.jpg,advanced,Học tập & phát triển (AU); tuổi ước lượng: 40,Ngôn ngữ gốc: AU; mục tiêu theo hồ sơ RandomUser.,10120,1,1,6.0,2.0,2026-03-29,1,0
122,Emily Denys,emily.denys@example.com,K14 Y11-0720,https://randomuser.me/api/portraits/women/9.jpg,intermediate,Học tập & phát triển (CA); tuổi ước lượng: 32,Ngôn ngữ gốc: CA; mục tiêu theo hồ sơ RandomUser.,10121,1,0,6.2,2.1,2026-03-29,1,1
123,William Lewis,william.lewis@example.com,(924)-632-1840,https://randomuser.me/api/portraits/men/20.jpg,advanced,Học tập & phát triển (NZ); tuổi ước lượng: 64,Ngôn ngữ gốc: NZ; mục tiêu theo hồ sơ RandomUser.,10122,1,0,6.4,2.2,2026-03-29,1,2
124,Buse Akbulut,buse.akbulut@example.com,(164)-748-6547,https://randomuser.me/api/portraits/women/65.jpg,advanced,Học tập & phát triển (TR); tuổi ước lượng: 55,Ngôn ngữ gốc: TR; mục tiêu theo hồ sơ RandomUser.,10123,1,1,6.6,2.3,2026-03-29,1,3
125,Caroline Mortensen,caroline.mortensen@example.com,95122398,https://randomuser.me/api/portraits/women/8.jpg,advanced,Học tập & phát triển (DK); tuổi ước lượng: 46,Ngôn ngữ gốc: DK; mục tiêu theo hồ sơ RandomUser.,10124,1,0,6.8,2.4,2026-03-29,1,4
126,یاسمین سلطانی نژاد,ysmyn.sltnynjd@example.com,0991-700-5120,https://randomuser.me/api/portraits/women/50.jpg,intermediate,Học tập & phát triển (IR); tuổi ước lượng: 35,Ngôn ngữ gốc: IR; mục tiêu theo hồ sơ RandomUser.,10125,1,0,7.0,2.5,2026-03-29,1,5
127,Brayden Johnston,brayden.johnston@example.com,081-627-1826,https://randomuser.me/api/portraits/men/41.jpg,advanced,Học tập & phát triển (IE); tuổi ước lượng: 77,Ngôn ngữ gốc: IE; mục tiêu theo hồ sơ RandomUser.,10126,1,1,7.2,2.6,2026-03-29,1,6
128,Soledad Prieto,soledad.prieto@example.com,617-384-229,https://randomuser.me/api/portraits/women/64.jpg,intermediate,Học tập & phát triển (ES); tuổi ước lượng: 29,Ngôn ngữ gốc: ES; mục tiêu theo hồ sơ RandomUser.,10127,1,0,7.4,2.7,2026-03-29,1,7
129,Kolodara Petrenko,kolodara.petrenko@example.com,(097) M05-1435,https://randomuser.me/api/portraits/women/95.jpg,advanced,Học tập & phát triển (UA); tuổi ước lượng: 60,Ngôn ngữ gốc: UA; mục tiêu theo hồ sơ RandomUser.,10128,1,0,7.6,2.8,2026-03-29,1,8
130,Owen Gordon,owen.gordon@example.com,0492-282-914,https://randomuser.me/api/portraits/men/18.jpg,advanced,Học tập & phát triển (AU); tuổi ước lượng: 56,Ngôn ngữ gốc: AU; mục tiêu theo hồ sơ RandomUser.,10129,1,1,7.8,2.9,2026-03-29,1,9
131,Emma Simmmons,emma.simmmons@example.com,081-864-0851,https://randomuser.me/api/portraits/women/67.jpg,advanced,Học tập & phát triển (IE); tuổi ước lượng: 53,Ngôn ngữ gốc: IE; mục tiêu theo hồ sơ RandomUser.,10130,1,0,8.0,3.0,2026-03-29,1,10
132,Luke Fleming,luke.fleming@example.com,(06) 91479712,https://randomuser.me/api/portraits/women/93.jpg,advanced,Học tập & phát triển (NL); tuổi ước lượng: 47,Ngôn ngữ gốc: NL; mục tiêu theo hồ sơ RandomUser.,10131,1,0,8.2,3.1,2026-03-29,1,11
133,Irene Moya,irene.moya@example.com,648-659-338,https://randomuser.me/api/portraits/women/87.jpg,advanced,Học tập & phát triển (ES); tuổi ước lượng: 65,Ngôn ngữ gốc: ES; mục tiêu theo hồ sơ RandomUser.,10132,1,1,8.4,3.2,2026-03-29,1,0
134,Yael Marchand,yael.marchand@example.com,079 627 62 61,https://randomuser.me/api/portraits/women/23.jpg,advanced,Học tập & phát triển (CH); tuổi ước lượng: 55,Ngôn ngữ gốc: CH; mục tiêu theo hồ sơ RandomUser.,10133,1,0,8.6,3.3,2026-03-29,1,1
135,Julio Ferrer,julio.ferrer@example.com,646-680-650,https://randomuser.me/api/portraits/men/78.jpg,intermediate,Học tập & phát triển (ES); tuổi ước lượng: 29,Ngôn ngữ gốc: ES; mục tiêu theo hồ sơ RandomUser.,10134,1,0,8.8,3.4,2026-03-29,1,2
136,Anton Rasmussen,anton.rasmussen@example.com,50273024,https://randomuser.me/api/portraits/men/98.jpg,intermediate,Học tập & phát triển (DK); tuổi ước lượng: 31,Ngôn ngữ gốc: DK; mục tiêu theo hồ sơ RandomUser.,10135,1,1,6.0,3.5,2026-03-29,1,3
137,Harita Visochanska,harita.visochanska@example.com,(068) U62-2188,https://randomuser.me/api/portraits/women/15.jpg,advanced,Học tập & phát triển (UA); tuổi ước lượng: 60,Ngôn ngữ gốc: UA; mục tiêu theo hồ sơ RandomUser.,10136,1,0,6.2,3.6,2026-03-29,1,4
138,Batur Abacı,batur.abaci@example.com,(971)-041-6921,https://randomuser.me/api/portraits/men/57.jpg,advanced,Học tập & phát triển (TR); tuổi ước lượng: 62,Ngôn ngữ gốc: TR; mục tiêu theo hồ sơ RandomUser.,10137,1,0,6.4,3.7,2026-03-29,1,5
139,Eetu Mantyla,eetu.mantyla@example.com,049-413-03-05,https://randomuser.me/api/portraits/men/32.jpg,advanced,Học tập & phát triển (FI); tuổi ước lượng: 80,Ngôn ngữ gốc: FI; mục tiêu theo hồ sơ RandomUser.,10138,1,1,6.6,3.8,2026-03-29,1,6
140,Jadranka Pejić,jadranka.pejic@example.com,064-7940-416,https://randomuser.me/api/portraits/women/13.jpg,intermediate,Học tập & phát triển (RS); tuổi ước lượng: 34,Ngôn ngữ gốc: RS; mục tiêu theo hồ sơ RandomUser.,10139,1,0,6.8,3.9,2026-03-29,1,7
141,Grace Romero,grace.romero@example.com,0401-337-988,https://randomuser.me/api/portraits/women/47.jpg,advanced,Học tập & phát triển (AU); tuổi ước lượng: 45,Ngôn ngữ gốc: AU; mục tiêu theo hồ sơ RandomUser.,10140,1,0,7.0,4.0,2026-03-29,1,8
142,Timeo Garcia,timeo.garcia@example.com,06-36-27-02-58,https://randomuser.me/api/portraits/men/54.jpg,intermediate,Học tập & phát triển (FR); tuổi ước lượng: 35,Ngôn ngữ gốc: FR; mục tiêu theo hồ sơ RandomUser.,10141,1,1,7.2,4.1,2026-03-29,1,9
143,Ishaan Saniel,ishaan.saniel@example.com,9864254092,https://randomuser.me/api/portraits/men/3.jpg,intermediate,Học tập & phát triển (IN); tuổi ước lượng: 39,Ngôn ngữ gốc: IN; mục tiêu theo hồ sơ RandomUser.,10142,1,0,7.4,4.2,2026-03-29,1,10
144,Olivia Turner,olivia.turner@example.com,(588)-500-7407,https://randomuser.me/api/portraits/women/83.jpg,advanced,Học tập & phát triển (NZ); tuổi ước lượng: 70,Ngôn ngữ gốc: NZ; mục tiêu theo hồ sơ RandomUser.,10143,1,0,7.6,4.3,2026-03-29,1,11
145,Laura León,laura.leon@example.com,676-738-821,https://randomuser.me/api/portraits/women/26.jpg,advanced,Học tập & phát triển (ES); tuổi ước lượng: 66,Ngôn ngữ gốc: ES; mục tiêu theo hồ sơ RandomUser.,10144,1,1,7.8,4.4,2026-03-29,1,0
146,Arlo King,arlo.king@example.com,(759)-229-0763,https://randomuser.me/api/portraits/men/63.jpg,advanced,Học tập & phát triển (NZ); tuổi ước lượng: 47,Ngôn ngữ gốc: NZ; mục tiêu theo hồ sơ RandomUser.,10145,1,0,8.0,4.5,2026-03-29,1,1
147,Aarush Saldanha,aarush.saldanha@example.com,7241414428,https://randomuser.me/api/portraits/men/17.jpg,advanced,Học tập & phát triển (IN); tuổi ước lượng: 49,Ngôn ngữ gốc: IN; mục tiêu theo hồ sơ RandomUser.,10146,1,0,8.2,4.6,2026-03-29,1,2
148,Nathan Guillaume,nathan.guillaume@example.com,06-53-56-01-27,https://randomuser.me/api/portraits/men/32.jpg,advanced,Học tập & phát triển (FR); tuổi ước lượng: 77,Ngôn ngữ gốc: FR; mục tiêu theo hồ sơ RandomUser.,10147,1,1,8.4,4.7,2026-03-29,1,3
149,Oliver Koskela,oliver.koskela@example.com,040-811-92-36,https://randomuser.me/api/portraits/men/46.jpg,advanced,Học tập & phát triển (FI); tuổi ước lượng: 44,Ngôn ngữ gốc: FI; mục tiêu theo hồ sơ RandomUser.,10148,1,0,8.6,4.8,2026-03-29,1,4
150,Harvey Brady,harvey.brady@example.com,081-710-6811,https://randomuser.me/api/portraits/men/9.jpg,advanced,Học tập & phát triển (IE); tuổi ước lượng: 67,Ngôn ngữ gốc: IE; mục tiêu theo hồ sơ RandomUser.,10149,1,0,8.8,4.9,2026-03-29,1,5
151,Mestan Avan,mestan.avan@example.com,(972)-097-4132,https://randomuser.me/api/portraits/women/8.jpg,advanced,Học tập & phát triển (TR); tuổi ước lượng: 67,Ngôn ngữ gốc: TR; mục tiêu theo hồ sơ RandomUser.,10150,1,1,6.0,5.0,2026-03-29,1,6
152,Teodosije Hadžić,teodosije.hadzic@example.com,064-8920-389,https://randomuser.me/api/portraits/men/89.jpg,advanced,Học tập & phát triển (RS); tuổi ước lượng: 73,Ngôn ngữ gốc: RS; mục tiêu theo hồ sơ RandomUser.,10151,1,0,6.2,5.1,2026-03-29,1,7
153,Frederic Konrad,frederic.konrad@example.com,0173-8629712,https://randomuser.me/api/portraits/men/3.jpg,intermediate,Học tập & phát triển (DE); tuổi ước lượng: 28,Ngôn ngữ gốc: DE; mục tiêu theo hồ sơ RandomUser.,10152,1,0,6.4,5.2,2026-03-29,1,8
154,Sava Vujičić,sava.vujicic@example.com,061-8603-316,https://randomuser.me/api/portraits/men/5.jpg,intermediate,Học tập & phát triển (RS); tuổi ước lượng: 36,Ngôn ngữ gốc: RS; mục tiêu theo hồ sơ RandomUser.,10153,1,1,6.6,5.3,2026-03-29,1,9
155,Lidija StanićStanković,lidija.stanicstankovic@example.com,064-1564-951,https://randomuser.me/api/portraits/women/76.jpg,advanced,Học tập & phát triển (RS); tuổi ước lượng: 66,Ngôn ngữ gốc: RS; mục tiêu theo hồ sơ RandomUser.,10154,1,0,6.8,5.4,2026-03-29,1,10
156,Malou Hansen,malou.hansen@example.com,57148987,https://randomuser.me/api/portraits/women/14.jpg,advanced,Học tập & phát triển (DK); tuổi ước lượng: 74,Ngôn ngữ gốc: DK; mục tiêu theo hồ sơ RandomUser.,10155,1,0,7.0,5.5,2026-03-29,1,11
157,پارمیس مرادی,prmys.mrdy@example.com,0920-279-9566,https://randomuser.me/api/portraits/women/49.jpg,intermediate,Học tập & phát triển (IR); tuổi ước lượng: 31,Ngôn ngữ gốc: IR; mục tiêu theo hồ sơ RandomUser.,10156,1,1,7.2,5.6,2026-03-29,1,0
158,Clara Morin,clara.morin@example.com,O51 F28-9383,https://randomuser.me/api/portraits/women/15.jpg,advanced,Học tập & phát triển (CA); tuổi ước lượng: 56,Ngôn ngữ gốc: CA; mục tiêu theo hồ sơ RandomUser.,10157,1,0,7.4,5.7,2026-03-29,1,1
159,Iina Jokela,iina.jokela@example.com,046-233-90-17,https://randomuser.me/api/portraits/women/18.jpg,intermediate,Học tập & phát triển (FI); tuổi ước lượng: 39,Ngôn ngữ gốc: FI; mục tiêu theo hồ sơ RandomUser.,10158,1,0,7.6,5.8,2026-03-29,1,2
160,Alisa Belsvik,alisa.belsvik@example.com,46471033,https://randomuser.me/api/portraits/women/95.jpg,advanced,Học tập & phát triển (NO); tuổi ước lượng: 64,Ngôn ngữ gốc: NO; mục tiêu theo hồ sơ RandomUser.,10159,1,1,7.8,5.9,2026-03-29,1,3
161,Lakshit Nayak,lakshit.nayak@example.com,9174329516,https://randomuser.me/api/portraits/men/59.jpg,advanced,Học tập & phát triển (IN); tuổi ước lượng: 60,Ngôn ngữ gốc: IN; mục tiêu theo hồ sơ RandomUser.,10160,1,0,8.0,2.0,2026-03-29,1,4
162,آدرین رضاییان,adryn.rdyyn@example.com,0910-555-6310,https://randomuser.me/api/portraits/men/98.jpg,intermediate,Học tập & phát triển (IR); tuổi ước lượng: 27,Ngôn ngữ gốc: IR; mục tiêu theo hồ sơ RandomUser.,10161,1,0,8.2,2.1,2026-03-29,1,5
163,Elizabeth Clarke,elizabeth.clarke@example.com,(320)-490-3477,https://randomuser.me/api/portraits/women/61.jpg,advanced,Học tập & phát triển (NZ); tuổi ước lượng: 78,Ngôn ngữ gốc: NZ; mục tiêu theo hồ sơ RandomUser.,10162,1,1,8.4,2.2,2026-03-29,1,6
164,Gayathri Mathew,gayathri.mathew@example.com,9682285986,https://randomuser.me/api/portraits/women/31.jpg,intermediate,Học tập & phát triển (IN); tuổi ước lượng: 25,Ngôn ngữ gốc: IN; mục tiêu theo hồ sơ RandomUser.,10163,1,0,8.6,2.3,2026-03-29,1,7
165,Albert Jørgensen,albert.jorgensen@example.com,82283218,https://randomuser.me/api/portraits/men/33.jpg,advanced,Học tập & phát triển (DK); tuổi ước lượng: 61,Ngôn ngữ gốc: DK; mục tiêu theo hồ sơ RandomUser.,10164,1,0,8.8,2.4,2026-03-29,1,8
166,Abigail Taylor,abigail.taylor@example.com,V12 S77-6691,https://randomuser.me/api/portraits/women/95.jpg,advanced,Học tập & phát triển (CA); tuổi ước lượng: 61,Ngôn ngữ gốc: CA; mục tiêu theo hồ sơ RandomUser.,10165,1,1,6.0,2.5,2026-03-29,1,9
167,Notburga Weniger,notburga.weniger@example.com,0174-8183565,https://randomuser.me/api/portraits/women/55.jpg,advanced,Học tập & phát triển (DE); tuổi ước lượng: 47,Ngôn ngữ gốc: DE; mục tiêu theo hồ sơ RandomUser.,10166,1,0,6.2,2.6,2026-03-29,1,10
168,Henny Kaya,henny.kaya@example.com,0171-6163446,https://randomuser.me/api/portraits/women/21.jpg,advanced,Học tập & phát triển (DE); tuổi ước lượng: 65,Ngôn ngữ gốc: DE; mục tiêu theo hồ sơ RandomUser.,10167,1,0,6.4,2.7,2026-03-29,1,11
169,Estela Mesa,estela.mesa@example.com,(678) 262 5884,https://randomuser.me/api/portraits/women/28.jpg,advanced,Học tập & phát triển (MX); tuổi ước lượng: 71,Ngôn ngữ gốc: MX; mục tiêu theo hồ sơ RandomUser.,10168,1,1,6.6,2.8,2026-03-29,1,0
170,Silke Kristensen,silke.kristensen@example.com,36563030,https://randomuser.me/api/portraits/women/60.jpg,advanced,Học tập & phát triển (DK); tuổi ước lượng: 79,Ngôn ngữ gốc: DK; mục tiêu theo hồ sơ RandomUser.,10169,1,0,6.8,2.9,2026-03-29,1,1
171,Ethan White,ethan.white@example.com,(312)-218-2459,https://randomuser.me/api/portraits/men/81.jpg,advanced,Học tập & phát triển (NZ); tuổi ước lượng: 45,Ngôn ngữ gốc: NZ; mục tiêu theo hồ sơ RandomUser.,10170,1,0,7.0,3.0,2026-03-29,1,2
172,Amelia Morris,amelia.morris@example.com,(611)-754-2964,https://randomuser.me/api/portraits/women/54.jpg,advanced,Học tập & phát triển (NZ); tuổi ước lượng: 58,Ngôn ngữ gốc: NZ; mục tiêu theo hồ sơ RandomUser.,10171,1,1,7.2,3.1,2026-03-29,1,3
173,Jules Laurent,jules.laurent@example.com,06-71-20-08-10,https://randomuser.me/api/portraits/men/64.jpg,advanced,Học tập & phát triển (FR); tuổi ước lượng: 59,Ngôn ngữ gốc: FR; mục tiêu theo hồ sơ RandomUser.,10172,1,0,7.4,3.2,2026-03-29,1,4
174,Arthur Mohammad,arthur.mohammad@example.com,(06) 49806761,https://randomuser.me/api/portraits/men/1.jpg,advanced,Học tập & phát triển (NL); tuổi ước lượng: 45,Ngôn ngữ gốc: NL; mục tiêu theo hồ sơ RandomUser.,10173,1,0,7.6,3.3,2026-03-29,1,5
175,Eléonore Roger,eleonore.roger@example.com,06-47-88-64-24,https://randomuser.me/api/portraits/women/47.jpg,advanced,Học tập & phát triển (FR); tuổi ước lượng: 58,Ngôn ngữ gốc: FR; mục tiêu theo hồ sơ RandomUser.,10174,1,1,7.8,3.4,2026-03-29,1,6
176,Becky Mitchelle,becky.mitchelle@example.com,07196 361543,https://randomuser.me/api/portraits/women/39.jpg,intermediate,Học tập & phát triển (GB); tuổi ước lượng: 35,Ngôn ngữ gốc: GB; mục tiêu theo hồ sơ RandomUser.,10175,1,0,8.0,3.5,2026-03-29,1,7
177,Leah Henry,leah.henry@example.com,081-051-3419,https://randomuser.me/api/portraits/women/84.jpg,intermediate,Học tập & phát triển (IE); tuổi ước lượng: 24,Ngôn ngữ gốc: IE; mục tiêu theo hồ sơ RandomUser.,10176,1,0,8.2,3.6,2026-03-29,1,8
178,Eli Turner,eli.turner@example.com,(144)-372-5520,https://randomuser.me/api/portraits/men/60.jpg,intermediate,Học tập & phát triển (NZ); tuổi ước lượng: 28,Ngôn ngữ gốc: NZ; mục tiêu theo hồ sơ RandomUser.,10177,1,1,8.4,3.7,2026-03-29,1,9
179,Javeria Tipparti,javeria.tipparti@example.com,8940072827,https://randomuser.me/api/portraits/women/35.jpg,advanced,Học tập & phát triển (IN); tuổi ước lượng: 56,Ngôn ngữ gốc: IN; mục tiêu theo hồ sơ RandomUser.,10178,1,0,8.6,3.8,2026-03-29,1,10
180,Ignjat Karanović,ignjat.karanovic@example.com,061-4129-218,https://randomuser.me/api/portraits/men/24.jpg,advanced,Học tập & phát triển (RS); tuổi ước lượng: 76,Ngôn ngữ gốc: RS; mục tiêu theo hồ sơ RandomUser.,10179,1,0,8.8,3.9,2026-03-29,1,11
181,Catherine Sutton,catherine.sutton@example.com,081-339-7620,https://randomuser.me/api/portraits/women/63.jpg,advanced,Học tập & phát triển (IE); tuổi ước lượng: 63,Ngôn ngữ gốc: IE; mục tiêu theo hồ sơ RandomUser.,10180,1,1,6.0,4.0,2026-03-29,1,0
182,Dibach Pilipchuk,dibach.pilipchuk@example.com,(097) I44-9192,https://randomuser.me/api/portraits/men/27.jpg,intermediate,Học tập & phát triển (UA); tuổi ước lượng: 28,Ngôn ngữ gốc: UA; mục tiêu theo hồ sơ RandomUser.,10181,1,0,6.2,4.1,2026-03-29,1,1
183,María Elena Contreras,mariaelena.contreras@example.com,(624) 754 3173,https://randomuser.me/api/portraits/women/89.jpg,advanced,Học tập & phát triển (MX); tuổi ước lượng: 64,Ngôn ngữ gốc: MX; mục tiêu theo hồ sơ RandomUser.,10182,1,0,6.4,4.2,2026-03-29,1,2
184,Rachit Nair,rachit.nair@example.com,9284704027,https://randomuser.me/api/portraits/men/98.jpg,intermediate,Học tập & phát triển (IN); tuổi ước lượng: 32,Ngôn ngữ gốc: IN; mục tiêu theo hồ sơ RandomUser.,10183,1,1,6.6,4.3,2026-03-29,1,3
185,Celina Duncan,celina.duncan@example.com,(915) 611-8509,https://randomuser.me/api/portraits/women/68.jpg,advanced,Học tập & phát triển (US); tuổi ước lượng: 55,Ngôn ngữ gốc: US; mục tiêu theo hồ sơ RandomUser.,10184,1,0,6.8,4.4,2026-03-29,1,4
186,Dalila Gebbink,dalila.gebbink@example.com,(06) 85174896,https://randomuser.me/api/portraits/women/76.jpg,advanced,Học tập & phát triển (NL); tuổi ước lượng: 43,Ngôn ngữ gốc: NL; mục tiêu theo hồ sơ RandomUser.,10185,1,0,7.0,4.5,2026-03-29,1,5
187,Mae Chambers,mae.chambers@example.com,0413-142-704,https://randomuser.me/api/portraits/women/40.jpg,intermediate,Học tập & phát triển (AU); tuổi ước lượng: 36,Ngôn ngữ gốc: AU; mục tiêu theo hồ sơ RandomUser.,10186,1,1,7.2,4.6,2026-03-29,1,6
188,Leonid Stec,leonid.stec@example.com,(096) P63-4713,https://randomuser.me/api/portraits/men/47.jpg,advanced,Học tập & phát triển (UA); tuổi ước lượng: 74,Ngôn ngữ gốc: UA; mục tiêu theo hồ sơ RandomUser.,10187,1,0,7.4,4.7,2026-03-29,1,7
189,Ege Erçetin,ege.ercetin@example.com,(122)-898-2143,https://randomuser.me/api/portraits/women/72.jpg,advanced,Học tập & phát triển (TR); tuổi ước lượng: 57,Ngôn ngữ gốc: TR; mục tiêu theo hồ sơ RandomUser.,10188,1,0,7.6,4.8,2026-03-29,1,8
190,Emma Sutton,emma.sutton@example.com,07065 180486,https://randomuser.me/api/portraits/women/1.jpg,advanced,Học tập & phát triển (GB); tuổi ước lượng: 51,Ngôn ngữ gốc: GB; mục tiêu theo hồ sơ RandomUser.,10189,1,1,7.8,4.9,2026-03-29,1,9
191,Ege Saygıner,ege.sayginer@example.com,(090)-343-5143,https://randomuser.me/api/portraits/women/16.jpg,advanced,Học tập & phát triển (TR); tuổi ước lượng: 61,Ngôn ngữ gốc: TR; mục tiêu theo hồ sơ RandomUser.,10190,1,0,8.0,5.0,2026-03-29,1,10
192,Frances Perkins,frances.perkins@example.com,(968) 984-0080,https://randomuser.me/api/portraits/women/73.jpg,intermediate,Học tập & phát triển (US); tuổi ước lượng: 38,Ngôn ngữ gốc: US; mục tiêu theo hồ sơ RandomUser.,10191,1,0,8.2,5.1,2026-03-29,1,11
193,Jordan Morgan,jordan.morgan@example.com,(233) 301-7484,https://randomuser.me/api/portraits/men/2.jpg,advanced,Học tập & phát triển (US); tuổi ước lượng: 65,Ngôn ngữ gốc: US; mục tiêu theo hồ sơ RandomUser.,10192,1,1,8.4,5.2,2026-03-29,1,0
194,Kathy Carpenter,kathy.carpenter@example.com,081-441-0169,https://randomuser.me/api/portraits/women/24.jpg,advanced,Học tập & phát triển (IE); tuổi ước lượng: 71,Ngôn ngữ gốc: IE; mục tiêu theo hồ sơ RandomUser.,10193,1,0,8.6,5.3,2026-03-29,1,1
195,Marlin Van Well,marlin.vanwell@example.com,(06) 06098968,https://randomuser.me/api/portraits/men/47.jpg,advanced,Học tập & phát triển (NL); tuổi ước lượng: 42,Ngôn ngữ gốc: NL; mục tiêu theo hồ sơ RandomUser.,10194,1,0,8.8,5.4,2026-03-29,1,2
196,Antoine Denys,antoine.denys@example.com,Y26 T90-9967,https://randomuser.me/api/portraits/men/12.jpg,advanced,Học tập & phát triển (CA); tuổi ước lượng: 49,Ngôn ngữ gốc: CA; mục tiêu theo hồ sơ RandomUser.,10195,1,1,6.0,5.5,2026-03-29,1,3
197,Víctor Carmona,victor.carmona@example.com,640-319-034,https://randomuser.me/api/portraits/men/25.jpg,advanced,Học tập & phát triển (ES); tuổi ước lượng: 79,Ngôn ngữ gốc: ES; mục tiêu theo hồ sơ RandomUser.,10196,1,0,6.2,5.6,2026-03-29,1,4
198,Davide Durand,davide.durand@example.com,079 955 94 06,https://randomuser.me/api/portraits/men/43.jpg,intermediate,Học tập & phát triển (CH); tuổi ước lượng: 38,Ngôn ngữ gốc: CH; mục tiêu theo hồ sơ RandomUser.,10197,1,0,6.4,5.7,2026-03-29,1,5
199,Balendra Dalvi,balendra.dalvi@example.com,9217927209,https://randomuser.me/api/portraits/men/54.jpg,advanced,Học tập & phát triển (IN); tuổi ước lượng: 63,Ngôn ngữ gốc: IN; mục tiêu theo hồ sơ RandomUser.,10198,1,1,6.6,5.8,2026-03-29,1,6
200,Aaron Ryan,aaron.ryan@example.com,081-504-1615,https://randomuser.me/api/portraits/men/2.jpg,advanced,Học tập & phát triển (IE); tuổi ước lượng: 64,Ngôn ngữ gốc: IE; mục tiêu theo hồ sơ RandomUser.,10199,1,0,6.8,5.9,2026-03-29,1,7
