id,student_id,student_course_id,course_id,lesson_id,instructor_id,date,study_duration,status,name,is_at_risk,notes
1,1,1,1,1,2,2026-03-29T16:24:32+00:00,0.3,started,Reconfigurable Processor Array A Bit Sliced Parallel Computer (USA) | Learning Python,1,Course OL: /works/OL2829091W; Lesson OL: /works/OL2784125W; source=RandomUser+OpenLibrary+Wikipedia
2,2,2,2,2,3,2026-03-29T13:24:32+00:00,0.37,in_progress,Software Engineering | Python,0,Course OL: /works/OL284009W; Lesson OL: /works/OL2784127W; source=RandomUser+OpenLibrary+Wikipedia
3,3,3,3,3,4,2026-03-29T10:24:32+00:00,0.44,completed,The C Programming Language | Think Python,0,Course OL: /works/OL4617640W; Lesson OL: /works/OL16976951W; source=RandomUser+OpenLibrary+Wikipedia
4,4,4,4,4,5,2026-03-29T07:24:32+00:00,0.51,skipped,C++ | Introduction to Python for Science and Engineering,0,Course OL: /works/OL7943176W; Lesson OL: /works/OL21349037W; source=RandomUser+OpenLibrary+Wikipedia
5,5,5,5,5,6,2026-03-29T04:24:32+00:00,0.58,started,Game Ai Pro 360 | Python for bioinformatics,0,Course OL: /works/OL21655116W; Lesson OL: /works/OL17795703W; source=RandomUser+OpenLibrary+Wikipedia
6,6,6,6,6,7,2026-03-29T01:24:32+00:00,0.65,in_progress,Tom Clancy's Net Force | Programming Python,0,Course OL: /works/OL448894W; Lesson OL: /works/OL2784126W; source=RandomUser+OpenLibrary+Wikipedia
7,7,7,7,7,8,2026-03-28T22:24:32+00:00,0.72,completed,Numerical methods for engineers | Mining the Social Web,0,Course OL: /works/OL2720189W; Lesson OL: /works/OL15667639W; source=RandomUser+OpenLibrary+Wikipedia
8,8,8,8,8,9,2026-03-28T19:24:32+00:00,0.79,skipped,Information systems literacy | Head First Python,0,Course OL: /works/OL2645732W; Lesson OL: /works/OL15664278W; source=RandomUser+OpenLibrary+Wikipedia
9,9,9,9,9,10,2026-03-28T16:24:32+00:00,0.86,started,IBM PC Apprentice | Think Stats,0,Course OL: /works/OL7957316W; Lesson OL: /works/OL16223034W; source=RandomUser+OpenLibrary+Wikipedia
10,10,10,10,10,11,2026-03-28T13:24:32+00:00,0.93,in_progress,Structured Computer Organization | Python For Data Analysis,0,Course OL: /works/OL1970690W; Lesson OL: /works/OL17422847W; source=RandomUser+OpenLibrary+Wikipedia
11,11,11,11,11,12,2026-03-28T10:24:32+00:00,1.0,completed,IEEE standard for information technology | Automate the Boring Stuff with Python,0,Course OL: /works/OL2062550W; Lesson OL: /works/OL17192141W; source=RandomUser+OpenLibrary+Wikipedia
12,12,12,12,12,13,2026-03-28T07:24:32+00:00,1.07,skipped,Inside Macintosh | Python in a Nutshell,0,Course OL: /works/OL8019573W; Lesson OL: /works/OL6045694W; source=RandomUser+OpenLibrary+Wikipedia
13,13,13,13,13,14,2026-03-28T04:24:32+00:00,1.14,started,Introduction to Algorithms | Making music with computers,0,Course OL: /works/OL4781294W; Lesson OL: /works/OL23330617W; source=RandomUser+OpenLibrary+Wikipedia
14,14,14,14,14,15,2026-03-28T01:24:32+00:00,1.21,in_progress,DOS | Python Cookbook,1,Course OL: /works/OL282868W; Lesson OL: /works/OL14873289W; source=RandomUser+OpenLibrary+Wikipedia
15,15,15,15,15,16,2026-03-27T22:24:32+00:00,1.28,completed,Structure and Interpretation of Computer Programs (SICP) | Fluent Python,0,Course OL: /works/OL3267304W; Lesson OL: /works/OL19932156W; source=RandomUser+OpenLibrary+Wikipedia
16,16,16,16,16,17,2026-03-27T19:24:32+00:00,1.35,skipped,Raspberry Pi User Guide | Tour of Data Science,0,Course OL: /works/OL17451852W; Lesson OL: /works/OL21703042W; source=RandomUser+OpenLibrary+Wikipedia
17,17,17,17,17,18,2026-03-27T16:24:32+00:00,1.42,started,Running MS-DOS 20th Anniversary Edition | Natural Language Processing With Python,0,Course OL: /works/OL3292376W; Lesson OL: /works/OL14940051W; source=RandomUser+OpenLibrary+Wikipedia
18,18,18,18,18,19,2026-03-27T13:24:32+00:00,1.49,in_progress,Hackers | Twisted Network Programming Essentials,0,Course OL: /works/OL804638W; Lesson OL: /works/OL8167555W; source=RandomUser+OpenLibrary+Wikipedia
19,19,19,19,19,20,2026-03-27T10:24:32+00:00,1.56,completed,The art of computer programming | Python for Everyone,0,Course OL: /works/OL257263W; Lesson OL: /works/OL19548251W; source=RandomUser+OpenLibrary+Wikipedia
20,20,20,20,20,1,2026-03-27T07:24:32+00:00,1.63,skipped,Mostly BASIC | Introduction to Modeling and Simulation with MATLAB® and Python,0,Course OL: /works/OL2995643W; Lesson OL: /works/OL25187574W; source=RandomUser+OpenLibrary+Wikipedia
21,21,21,21,21,2,2026-03-27T04:24:32+00:00,1.7,started,C For Dummies | Survival Analysis with Python,0,Course OL: /works/OL15184749W; Lesson OL: /works/OL25347363W; source=RandomUser+OpenLibrary+Wikipedia
22,22,22,22,22,3,2026-03-27T01:24:32+00:00,1.77,in_progress,Computers! | Introduction to Python Programming,0,Course OL: /works/OL3006186W; Lesson OL: /works/OL25217001W; source=RandomUser+OpenLibrary+Wikipedia
23,23,23,23,23,4,2026-03-26T22:24:32+00:00,1.84,completed,BASIC | Pandas for Everyone,0,Course OL: /works/OL3517771W; Lesson OL: /works/OL25777002W; source=RandomUser+OpenLibrary+Wikipedia
24,24,24,24,24,5,2026-03-26T19:24:32+00:00,1.91,skipped,Learning to use microcomputer applications | Think Complexity: Complexity Science and Computational Modeling,0,Course OL: /works/OL758361W; Lesson OL: /works/OL19542561W; source=RandomUser+OpenLibrary+Wikipedia
25,25,25,25,25,6,2026-03-26T16:24:32+00:00,1.98,started,The Book of Shaders | Mastering Python Design Patterns,0,Course OL: /works/OL43943799W; Lesson OL: /works/OL19547142W; source=RandomUser+OpenLibrary+Wikipedia
26,26,26,26,26,7,2026-03-26T13:24:32+00:00,0.3,in_progress,Lärobok i ALGOL | Head First Programming,0,Course OL: /works/OL7012249W; Lesson OL: /works/OL15557593W; source=RandomUser+OpenLibrary+Wikipedia
27,27,27,27,27,8,2026-03-26T10:24:32+00:00,0.37,completed,3D Game Environments | Web Scraping with Python,1,Course OL: /works/OL6222001W; Lesson OL: /works/OL17308344W; source=RandomUser+OpenLibrary+Wikipedia
28,28,28,28,28,9,2026-03-26T07:24:32+00:00,0.44,skipped,Apple Pro Training Series | The book of Python,0,Course OL: /works/OL5117268W; Lesson OL: /works/OL5841511W; source=RandomUser+OpenLibrary+Wikipedia
29,29,29,29,29,10,2026-03-26T04:24:32+00:00,0.51,started,Apple Training Series | Data wrangling with Python,0,Course OL: /works/OL9242045W; Lesson OL: /works/OL20028472W; source=RandomUser+OpenLibrary+Wikipedia
30,30,30,30,30,11,2026-03-26T01:24:32+00:00,0.58,in_progress,Storytelling with Data | Bite-Size Python,0,Course OL: /works/OL17659741W; Lesson OL: /works/OL21245028W; source=RandomUser+OpenLibrary+Wikipedia
31,31,31,31,31,12,2026-03-25T22:24:32+00:00,0.65,completed,Programming ArcObjects with VBA | Think Bayes,0,Course OL: /works/OL6213664W; Lesson OL: /works/OL17581315W; source=RandomUser+OpenLibrary+Wikipedia
32,32,32,32,32,13,2026-03-25T19:24:32+00:00,0.72,skipped,Using MPI | Introducing Python,0,Course OL: /works/OL3489778W; Lesson OL: /works/OL17400331W; source=RandomUser+OpenLibrary+Wikipedia
33,33,33,33,33,14,2026-03-25T16:24:32+00:00,0.79,started,Analyzing Baseball Data With R | Python machine learning,0,Course OL: /works/OL17429331W; Lesson OL: /works/OL19667740W; source=RandomUser+OpenLibrary+Wikipedia
34,34,34,34,34,15,2026-03-25T13:24:32+00:00,0.86,in_progress,Arduino Cookbook | Python for Experimental Psychologists,0,Course OL: /works/OL16666001W; Lesson OL: /works/OL20916659W; source=RandomUser+OpenLibrary+Wikipedia
35,35,35,35,35,16,2026-03-25T10:24:32+00:00,0.93,completed,3D Game Engine Design | Introduction to Computational Models with Python,0,Course OL: /works/OL7939604W; Lesson OL: /works/OL25159348W; source=RandomUser+OpenLibrary+Wikipedia
36,36,36,36,36,17,2026-03-25T07:24:32+00:00,1.0,skipped,Debugging with GDB | Python 3 Text Processing with NLTK 3 Cookbook,0,Course OL: /works/OL8774112W; Lesson OL: /works/OL27686368W; source=RandomUser+OpenLibrary+Wikipedia
37,37,37,37,37,18,2026-03-25T04:24:32+00:00,1.07,started,Computers and information processing | Python Data Analysis,0,Course OL: /works/OL15859635W; Lesson OL: /works/OL27686580W; source=RandomUser+OpenLibrary+Wikipedia
38,38,38,38,38,19,2026-03-25T01:24:32+00:00,1.14,in_progress,Android application development all-in-one for dummies | NumPy Cookbook,0,Course OL: /works/OL20011293W; Lesson OL: /works/OL19891648W; source=RandomUser+OpenLibrary+Wikipedia
39,39,39,39,39,20,2026-03-24T22:24:32+00:00,1.21,completed,Information Processing and Management of Uncertainty in Knowledge-Based Systems | Exploratory Programming for the Arts and Humanities,0,Course OL: /works/OL20704224W; Lesson OL: /works/OL21122478W; source=RandomUser+OpenLibrary+Wikipedia
40,40,40,40,40,1,2026-03-24T19:24:32+00:00,1.28,skipped,Swift programming | Pygame - Initiez-vous au développement de jeux vidéo en Python,1,Course OL: /works/OL20020967W; Lesson OL: /works/OL20115118W; source=RandomUser+OpenLibrary+Wikipedia
41,41,41,41,41,2,2026-03-24T16:24:32+00:00,1.35,started,Adventures in Raspberry Pi | Introduction To Computation And Programming Using Python,0,Course OL: /works/OL19997056W; Lesson OL: /works/OL17575152W; source=RandomUser+OpenLibrary+Wikipedia
42,42,42,42,42,3,2026-03-24T13:24:32+00:00,1.42,in_progress,Android Fully Loaded | Bioinformatics programming using Python,0,Course OL: /works/OL17556930W; Lesson OL: /works/OL15983380W; source=RandomUser+OpenLibrary+Wikipedia
43,43,43,43,43,4,2026-03-24T10:24:32+00:00,1.49,completed,Dynamic HTML | Learning Ipython For Interactive Computing And Data Visualization,0,Course OL: /works/OL15859253W; Lesson OL: /works/OL17583400W; source=RandomUser+OpenLibrary+Wikipedia
44,44,44,44,44,5,2026-03-24T07:24:32+00:00,1.56,skipped,Calculus using Mathematica | Flask Web Development,0,Course OL: /works/OL1882357W; Lesson OL: /works/OL17389190W; source=RandomUser+OpenLibrary+Wikipedia
45,45,45,45,45,6,2026-03-24T04:24:32+00:00,1.63,started,Masters of Doom | Test-Driven Development with Python,0,Course OL: /works/OL5957689W; Lesson OL: /works/OL17929690W; source=RandomUser+OpenLibrary+Wikipedia
46,46,46,46,46,7,2026-03-24T01:24:32+00:00,1.7,in_progress,"Learning PHP, MySQL & JavaScript | Learning Cython Programming - Second Edition",0,Course OL: /works/OL9559525W; Lesson OL: /works/OL24207514W; source=RandomUser+OpenLibrary+Wikipedia
47,47,47,47,47,8,2026-03-23T22:24:32+00:00,1.77,completed,Karel the Robot | Learning Predictive Analytics with Python,0,Course OL: /works/OL3465300W; Lesson OL: /works/OL27686630W; source=RandomUser+OpenLibrary+Wikipedia
48,48,48,48,48,9,2026-03-23T19:24:32+00:00,1.84,skipped,Microprocessors and interfacing | Learning Python Design Patterns - Second Edition,0,Course OL: /works/OL4085889W; Lesson OL: /works/OL28620000W; source=RandomUser+OpenLibrary+Wikipedia
49,49,49,49,49,10,2026-03-23T16:24:32+00:00,1.91,started,The 80x86 IBM PC & compatible computers | Let Us Python,0,Course OL: /works/OL2062598W; Lesson OL: /works/OL27484186W; source=RandomUser+OpenLibrary+Wikipedia
50,50,50,50,50,11,2026-03-23T13:24:32+00:00,1.98,in_progress,ARM Assembly language | Python Data Science Cookbook,0,Course OL: /works/OL13745451W; Lesson OL: /works/OL32399821W; source=RandomUser+OpenLibrary+Wikipedia
51,51,51,51,51,12,2026-03-23T10:24:32+00:00,0.3,completed,The complete guide to game audio | Python Web Scraping Cookbook,0,Course OL: /works/OL6224914W; Lesson OL: /works/OL19543033W; source=RandomUser+OpenLibrary+Wikipedia
52,52,52,52,52,13,2026-03-23T07:24:32+00:00,0.37,skipped,Artificial intelligence for games | Pandas Cookbook,0,Course OL: /works/OL7940253W; Lesson OL: /works/OL19543192W; source=RandomUser+OpenLibrary+Wikipedia
53,53,53,53,53,14,2026-03-23T04:24:32+00:00,0.44,started,iPhone Application Development For Dummies | Mastering Python Scientific Computing,1,Course OL: /works/OL15177986W; Lesson OL: /works/OL19546862W; source=RandomUser+OpenLibrary+Wikipedia
54,54,54,54,54,15,2026-03-23T01:24:32+00:00,0.51,in_progress,The game narrative toolbox | Cython: A Guide for Python Programmers,0,Course OL: /works/OL19999797W; Lesson OL: /works/OL19547202W; source=RandomUser+OpenLibrary+Wikipedia
55,55,55,55,55,16,2026-03-22T22:24:32+00:00,0.58,completed,Android Application Development For Dummies | MyLab Programming with Pearson eText -- Access Code Card -- for Starting Out wit,0,Course OL: /works/OL19548317W; Lesson OL: /works/OL20196100W; source=RandomUser+OpenLibrary+Wikipedia
56,56,56,56,56,17,2026-03-22T19:24:32+00:00,0.65,skipped,Managing a nation | Learning Scientific Programming with Python,0,Course OL: /works/OL19214322W; Lesson OL: /works/OL20028518W; source=RandomUser+OpenLibrary+Wikipedia
57,57,57,57,57,18,2026-03-22T16:24:32+00:00,0.72,started,"Unity Game Development in 24 Hours, Sams Teach Yourself | Gentle Introduction to Effective Computing in Quantitative Research",0,Course OL: /works/OL20832684W; Lesson OL: /works/OL21122468W; source=RandomUser+OpenLibrary+Wikipedia
58,58,58,58,58,19,2026-03-22T13:24:32+00:00,0.79,in_progress,Game Design | Data visualization with Python and JavaScript,0,Course OL: /works/OL2170674W; Lesson OL: /works/OL20030955W; source=RandomUser+OpenLibrary+Wikipedia
59,59,59,59,59,20,2026-03-22T10:24:32+00:00,0.86,completed,3D game textures | Python Data Science Handbook,0,Course OL: /works/OL20030933W; Lesson OL: /works/OL19545956W; source=RandomUser+OpenLibrary+Wikipedia
60,60,60,60,60,1,2026-03-22T07:24:32+00:00,0.93,skipped,HTML5 games | Practical Django Projects,0,Course OL: /works/OL19977874W; Lesson OL: /works/OL15748423W; source=RandomUser+OpenLibrary+Wikipedia
61,61,61,61,61,2,2026-03-22T04:24:32+00:00,1.0,started,Algorithms and networking for computer games | Introduction to Machine Learning with Python,0,Course OL: /works/OL16922331W; Lesson OL: /works/OL17357597W; source=RandomUser+OpenLibrary+Wikipedia
62,62,62,62,62,3,2026-03-22T01:24:32+00:00,1.07,in_progress,Tabletop Game Design for Video Game Designers | Python Basics,0,Course OL: /works/OL21256643W; Lesson OL: /works/OL20094082W; source=RandomUser+OpenLibrary+Wikipedia
63,63,63,63,63,4,2026-03-21T22:24:32+00:00,1.14,completed,Clockwork Game Design | Building Python Programs,0,Course OL: /works/OL21289694W; Lesson OL: /works/OL20924096W; source=RandomUser+OpenLibrary+Wikipedia
64,64,64,64,64,5,2026-03-21T19:24:32+00:00,1.21,skipped,Real-time embedded multithreading | Django RESTful Web Services: The easiest way to build Python RESTful APIs and we,0,Course OL: /works/OL5274159W; Lesson OL: /works/OL19542926W; source=RandomUser+OpenLibrary+Wikipedia
65,65,65,65,65,6,2026-03-21T16:24:32+00:00,1.28,started,Game engine architecture | Ḳinah tseḥorah,0,Course OL: /works/OL13771949W; Lesson OL: /works/OL18620629W; source=RandomUser+OpenLibrary+Wikipedia
66,66,66,66,66,7,2026-03-21T13:24:32+00:00,1.35,in_progress,Game physics engine development | Limbajul de programare Python 3 pentru non-programatori,1,Course OL: /works/OL16957860W; Lesson OL: /works/OL44494365W; source=RandomUser+OpenLibrary+Wikipedia
67,67,67,67,67,8,2026-03-21T10:24:32+00:00,1.42,completed,Exploring BeagleBone | Practical Python,0,Course OL: /works/OL17858976W; Lesson OL: /works/OL8977658W; source=RandomUser+OpenLibrary+Wikipedia
68,68,68,68,68,9,2026-03-21T07:24:32+00:00,1.49,skipped,Creating games with Unity and Maya | Learning Internet of Things,0,Course OL: /works/OL16134385W; Lesson OL: /works/OL36678616W; source=RandomUser+OpenLibrary+Wikipedia
69,69,69,69,69,10,2026-03-21T04:24:32+00:00,1.56,started,Introduction To Game Physics With Box2d | Starting Out with Python,0,Course OL: /works/OL17482079W; Lesson OL: /works/OL37477101W; source=RandomUser+OpenLibrary+Wikipedia
70,70,70,70,70,11,2026-03-21T01:24:32+00:00,1.63,in_progress,SAS and R | Python Recipes Handbook,0,Course OL: /works/OL9767438W; Lesson OL: /works/OL37482978W; source=RandomUser+OpenLibrary+Wikipedia
71,71,71,71,71,12,2026-03-20T22:24:32+00:00,1.7,completed,Software Process Quality | Complex Network Analysis in Python,0,Course OL: /works/OL2734816W; Lesson OL: /works/OL37484299W; source=RandomUser+OpenLibrary+Wikipedia
72,72,72,72,72,13,2026-03-20T19:24:32+00:00,1.77,skipped,Structured systems analysis and design methodology | Easiest way to learn Python,0,Course OL: /works/OL4475130W; Lesson OL: /works/OL37518850W; source=RandomUser+OpenLibrary+Wikipedia
73,73,73,73,73,14,2026-03-20T16:24:32+00:00,1.84,started,Automate the Boring Stuff with Python | Python pratico,0,Course OL: /works/OL17192141W; Lesson OL: /works/OL38070693W; source=RandomUser+OpenLibrary+Wikipedia
74,74,74,74,74,15,2026-03-20T13:24:32+00:00,1.91,in_progress,PC DOS | Learning data mining with Python,0,Course OL: /works/OL3915483W; Lesson OL: /works/OL26193647W; source=RandomUser+OpenLibrary+Wikipedia
75,75,75,75,75,16,2026-03-20T10:24:32+00:00,1.98,completed,Inside the IBM PC | Learning Scrapy,0,Course OL: /works/OL65480W; Lesson OL: /works/OL27686743W; source=RandomUser+OpenLibrary+Wikipedia
76,76,76,76,76,17,2026-03-20T07:24:32+00:00,0.3,skipped,The analytical engine | Python hunting,0,Course OL: /works/OL2699203W; Lesson OL: /works/OL27030585W; source=RandomUser+OpenLibrary+Wikipedia
77,77,77,77,77,18,2026-03-20T04:24:32+00:00,0.37,started,Introduction to computers using the IBM and MS-DOS PCs with BASIC | Python dla wszystkich,0,Course OL: /works/OL2817555W; Lesson OL: /works/OL24148259W; source=RandomUser+OpenLibrary+Wikipedia
78,78,78,78,78,19,2026-03-20T01:24:32+00:00,0.44,in_progress,The Intelligent Micro | Python Made Simple,0,Course OL: /works/OL3342566W; Lesson OL: /works/OL27474152W; source=RandomUser+OpenLibrary+Wikipedia
79,79,79,79,79,20,2026-03-19T22:24:32+00:00,0.51,completed,Computer literacy | Practical Approach for Machine Learning and Deep Learning Algorithms,1,Course OL: /works/OL2728781W; Lesson OL: /works/OL27484185W; source=RandomUser+OpenLibrary+Wikipedia
80,80,80,80,80,1,2026-03-19T19:24:32+00:00,0.58,skipped,Understanding and using microcomputers | Game Programming,0,Course OL: /works/OL1964869W; Lesson OL: /works/OL4110557W; source=RandomUser+OpenLibrary+Wikipedia
81,81,81,81,81,2,2026-03-19T16:24:32+00:00,0.65,started,Open Sources 2.0 | Data Visualization with Python: Create an impact with meaningful data insights u,0,Course OL: /works/OL15969451W; Lesson OL: /works/OL19541948W; source=RandomUser+OpenLibrary+Wikipedia
82,82,82,82,82,3,2026-03-19T13:24:32+00:00,0.72,in_progress,Introduction to Pascal and structured design | Machine Learning with Python Cookbook: Practical Solutions from Preprocessing to,0,Course OL: /works/OL71574W; Lesson OL: /works/OL19542254W; source=RandomUser+OpenLibrary+Wikipedia
83,83,83,83,83,4,2026-03-19T10:24:32+00:00,0.79,completed,C# and Game Programming | TensorFlow 1.x Deep Learning Cookbook: Over 90 unique recipes to solve artificia,0,Course OL: /works/OL8896446W; Lesson OL: /works/OL19542381W; source=RandomUser+OpenLibrary+Wikipedia
84,84,84,84,84,5,2026-03-19T07:24:32+00:00,0.86,skipped,Microcontrollers | Beginning Programming with Python For Dummies,0,Course OL: /works/OL21044596W; Lesson OL: /works/OL19543224W; source=RandomUser+OpenLibrary+Wikipedia
85,85,85,85,85,6,2026-03-19T04:24:32+00:00,0.93,started,"Windows PowerShell | Python Programming: An Introduction to Computer Science, 3rd Ed.",0,Course OL: /works/OL15166531W; Lesson OL: /works/OL19543337W; source=RandomUser+OpenLibrary+Wikipedia
86,86,86,86,86,7,2026-03-19T01:24:32+00:00,1.0,in_progress,How to cheat in Motion | Learning pandas - Second Edition: High performance data manipulation and analysi,0,Course OL: /works/OL15082083W; Lesson OL: /works/OL19543370W; source=RandomUser+OpenLibrary+Wikipedia
87,87,87,87,87,8,2026-03-18T22:24:32+00:00,1.07,completed,You Don't Know JS Yet | OpenCV with Python Blueprints,0,Course OL: /works/OL27032590W; Lesson OL: /works/OL19546671W; source=RandomUser+OpenLibrary+Wikipedia
88,88,88,88,88,9,2026-03-18T19:24:32+00:00,1.14,skipped,Design Games for Architecture | Python Data Analysis Cookbook,0,Course OL: /works/OL20366386W; Lesson OL: /works/OL19546723W; source=RandomUser+OpenLibrary+Wikipedia
89,89,89,89,89,10,2026-03-18T16:24:32+00:00,1.21,started,Agent culture | Spark for Python Developers: A concise guide to implementing Spark big data anal,0,Course OL: /works/OL20617056W; Lesson OL: /works/OL19546757W; source=RandomUser+OpenLibrary+Wikipedia
90,90,90,90,90,11,2026-03-18T13:24:32+00:00,1.28,in_progress,Hybrid Computational Intelligence | Mastering Python: Master the art of writing beautiful and powerful Python by usi,0,Course OL: /works/OL21642607W; Lesson OL: /works/OL19546765W; source=RandomUser+OpenLibrary+Wikipedia
91,91,91,91,91,12,2026-03-18T10:24:32+00:00,1.35,completed,The Tetris effect | Mastering Machine Learning with Python in Six Steps: A Practical Implementation,0,Course OL: /works/OL20035765W; Lesson OL: /works/OL19545722W; source=RandomUser+OpenLibrary+Wikipedia
92,92,92,92,92,13,2026-03-18T07:24:32+00:00,1.42,skipped,Communicating embedded systems | Machine Learning for the Web,1,Course OL: /works/OL18643722W; Lesson OL: /works/OL19545806W; source=RandomUser+OpenLibrary+Wikipedia
93,93,93,93,93,14,2026-03-18T04:24:32+00:00,1.49,started,Virtual reality | OpenCV: Computer Vision Projects with Python,0,Course OL: /works/OL16298445W; Lesson OL: /works/OL19545840W; source=RandomUser+OpenLibrary+Wikipedia
94,94,94,94,94,15,2026-03-18T01:24:32+00:00,1.56,in_progress,"Operating system design | Lightweight Django: Using REST, WebSockets, and Backbone",0,Course OL: /works/OL1987868W; Lesson OL: /works/OL19547387W; source=RandomUser+OpenLibrary+Wikipedia
95,95,95,95,95,16,2026-03-17T22:24:32+00:00,1.63,completed,The Hitch-Hikers's Guide to Artificial Intelligence | Python Programming Blueprints: Build nine projects by leveraging powerful framew,0,Course OL: /works/OL4505537W; Lesson OL: /works/OL19542701W; source=RandomUser+OpenLibrary+Wikipedia
96,96,96,96,96,17,2026-03-17T19:24:32+00:00,1.7,skipped,"Introduction to real-time software design | Functional Python Programming: Discover the power of functional programming, gen",0,Course OL: /works/OL4970215W; Lesson OL: /works/OL19542953W; source=RandomUser+OpenLibrary+Wikipedia
97,97,97,97,97,18,2026-03-17T16:24:32+00:00,1.77,started,Microcontroller programming | Data Science and Analytics with Python (Chapman & Hall/CRC Data Mining and Knowl,0,Course OL: /works/OL16142624W; Lesson OL: /works/OL19542972W; source=RandomUser+OpenLibrary+Wikipedia
98,98,98,98,98,19,2026-03-17T13:24:32+00:00,1.84,in_progress,iPhone application development all-in-one for dummies | Exploring Python,0,Course OL: /works/OL16001691W; Lesson OL: /works/OL19849158W; source=RandomUser+OpenLibrary+Wikipedia
99,99,99,99,99,20,2026-03-17T10:24:32+00:00,1.91,completed,Digital signal processing and applications with the C6713 and C6416 DSK | Ядро геометричного моделювання Open CASCADE Technology для Python-програмістів,0,Course OL: /works/OL1828693W; Lesson OL: /works/OL19086047W; source=RandomUser+OpenLibrary+Wikipedia
100,100,100,100,100,1,2026-03-17T07:24:32+00:00,1.98,skipped,Multiple-base number system | Data Science,0,Course OL: /works/OL16451143W; Lesson OL: /works/OL20659898W; source=RandomUser+OpenLibrary+Wikipedia
101,101,101,101,101,2,2026-03-17T04:24:32+00:00,0.3,started,Level Up! | Revel for Starting Out With Python -- Access Card,0,Course OL: /works/OL16538376W; Lesson OL: /works/OL21262596W; source=RandomUser+OpenLibrary+Wikipedia
102,102,102,102,102,3,2026-03-17T01:24:32+00:00,0.37,in_progress,Microcomputer applications | Python Digital Forensics Cookbook: Effective Python recipes for digital investig,0,Course OL: /works/OL3843938W; Lesson OL: /works/OL19543552W; source=RandomUser+OpenLibrary+Wikipedia
103,103,103,103,103,4,2026-03-16T22:24:32+00:00,0.44,completed,Expert advisor | Hands-On Data Science and Python Machine Learning,0,Course OL: /works/OL2040344W; Lesson OL: /works/OL19543706W; source=RandomUser+OpenLibrary+Wikipedia
104,104,104,104,104,5,2026-03-16T19:24:32+00:00,0.51,skipped,The Mythical Man-Month | Daniel Arbuckle's Mastering Python,0,Course OL: /works/OL3510570W; Lesson OL: /works/OL19543748W; source=RandomUser+OpenLibrary+Wikipedia
105,105,105,105,105,6,2026-03-16T16:24:32+00:00,0.58,started,"Write, Edit, and Print | Artificial Intelligence with Python: A Comprehensive Guide to Building Intellige",1,Course OL: /works/OL5147542W; Lesson OL: /works/OL19545457W; source=RandomUser+OpenLibrary+Wikipedia
106,106,106,106,106,7,2026-03-16T13:24:32+00:00,0.65,in_progress,Computer science Logo style | Django: Web Development with Python,0,Course OL: /works/OL3296974W; Lesson OL: /works/OL19545996W; source=RandomUser+OpenLibrary+Wikipedia
107,107,107,107,107,8,2026-03-16T10:24:32+00:00,0.72,completed,An introduction to object-oriented programming | Getting Started with Python Data Analysis,0,Course OL: /works/OL2642457W; Lesson OL: /works/OL20771642W; source=RandomUser+OpenLibrary+Wikipedia
108,108,108,108,108,9,2026-03-16T07:24:32+00:00,0.79,skipped,Using microcomputer applications | Calculus Unraveled,0,Course OL: /works/OL4138195W; Lesson OL: /works/OL43058636W; source=RandomUser+OpenLibrary+Wikipedia
109,109,109,109,109,10,2026-03-16T04:24:32+00:00,0.86,started,Advances in Software Science and Technology | Modern Statistics,0,Course OL: /works/OL9316337W; Lesson OL: /works/OL43058808W; source=RandomUser+OpenLibrary+Wikipedia
110,110,110,110,110,11,2026-03-16T01:24:32+00:00,0.93,in_progress,Computing systems fundamentals | Introduction to Computing,0,Course OL: /works/OL6951819W; Lesson OL: /works/OL17795244W; source=RandomUser+OpenLibrary+Wikipedia
111,111,111,111,111,12,2026-03-15T22:24:32+00:00,1.0,completed,An introduction to programming and object-oriented design using JAVA | Мова програмування Python для інженерів і науковців,0,Course OL: /works/OL5800788W; Lesson OL: /works/OL19087942W; source=RandomUser+OpenLibrary+Wikipedia
112,112,112,112,112,13,2026-03-15T19:24:32+00:00,1.07,skipped,Software development failures | Getting Started with Raspberry Pi,0,Course OL: /works/OL9239032W; Lesson OL: /works/OL16803901W; source=RandomUser+OpenLibrary+Wikipedia
113,113,113,113,113,14,2026-03-15T16:24:32+00:00,1.14,started,Structural Analysis and Design | Aprendiendo a programar en Python con mi computador,0,Course OL: /works/OL4777942W; Lesson OL: /works/OL17854515W; source=RandomUser+OpenLibrary+Wikipedia
114,114,114,114,114,15,2026-03-15T13:24:32+00:00,1.21,in_progress,LOGO for the Apple II | Python para todos,0,Course OL: /works/OL3267298W; Lesson OL: /works/OL17842206W; source=RandomUser+OpenLibrary+Wikipedia
115,115,115,115,115,16,2026-03-15T10:24:32+00:00,1.28,completed,Working with DOS | Python Guide Documentation,0,Course OL: /works/OL3484078W; Lesson OL: /works/OL17842208W; source=RandomUser+OpenLibrary+Wikipedia
116,116,116,116,116,17,2026-03-15T07:24:32+00:00,1.35,skipped,The complete scanner handbook for desktop publishing | Python for Scientists,0,Course OL: /works/OL516294W; Lesson OL: /works/OL17515418W; source=RandomUser+OpenLibrary+Wikipedia
117,117,117,117,117,18,2026-03-15T04:24:32+00:00,1.42,started,Some common BASIC programs | Learn Programming,0,Course OL: /works/OL36539W; Lesson OL: /works/OL17930014W; source=RandomUser+OpenLibrary+Wikipedia
118,118,118,118,118,19,2026-03-15T01:24:32+00:00,1.49,in_progress,JavaScript | Introducción a la programación con Python,1,Course OL: /works/OL9486352W; Lesson OL: /works/OL17794712W; source=RandomUser+OpenLibrary+Wikipedia
119,119,119,119,119,20,2026-03-14T22:24:32+00:00,1.56,completed,"Hello, Android introducing Google’s mobile development platform | Introducción a la programación con Python 3",0,Course OL: /works/OL16092157W; Lesson OL: /works/OL17794722W; source=RandomUser+OpenLibrary+Wikipedia
120,120,120,120,120,1,2026-03-14T19:24:32+00:00,1.63,skipped,Quantum mechanics on the personal computer | Curso,0,Course OL: /works/OL1849200W; Lesson OL: /works/OL17874094W; source=RandomUser+OpenLibrary+Wikipedia
121,121,121,121,121,2,2026-03-14T16:24:32+00:00,1.7,started,The Mac is not a typewriter | Learning Perl,0,Course OL: /works/OL684790W; Lesson OL: /works/OL1701007W; source=RandomUser+OpenLibrary+Wikipedia
122,122,122,122,122,3,2026-03-14T13:24:32+00:00,1.77,in_progress,Software engineering with Ada | JavaScript,0,Course OL: /works/OL1927705W; Lesson OL: /works/OL1643770W; source=RandomUser+OpenLibrary+Wikipedia
123,123,123,123,123,4,2026-03-14T10:24:32+00:00,1.84,completed,Program or be Programmed | Professional JavaScript for Web developers,0,Course OL: /works/OL15400392W; Lesson OL: /works/OL5841457W; source=RandomUser+OpenLibrary+Wikipedia
124,124,124,124,124,5,2026-03-14T07:24:32+00:00,1.91,skipped,Programming language concepts | The Art of Seo,0,Course OL: /works/OL2622961W; Lesson OL: /works/OL15910386W; source=RandomUser+OpenLibrary+Wikipedia
125,125,125,125,125,6,2026-03-14T04:24:32+00:00,1.98,started,Introduction to biological networks | Eloquent Javascript,0,Course OL: /works/OL23281077W; Lesson OL: /works/OL15444205W; source=RandomUser+OpenLibrary+Wikipedia
126,126,126,126,126,7,2026-03-14T01:24:32+00:00,0.3,in_progress,Writing scientific software | Dynamic HTML,0,Course OL: /works/OL8326124W; Lesson OL: /works/OL15859253W; source=RandomUser+OpenLibrary+Wikipedia
127,127,127,127,127,8,2026-03-13T22:24:32+00:00,0.37,completed,"Programming the parallel port | Learning PHP, MySQL & JavaScript",0,Course OL: /works/OL19897249W; Lesson OL: /works/OL9559525W; source=RandomUser+OpenLibrary+Wikipedia
128,128,128,128,128,9,2026-03-13T19:24:32+00:00,0.44,skipped,"Software deployment, updating, and patching | PHP",0,Course OL: /works/OL8637677W; Lesson OL: /works/OL5854647W; source=RandomUser+OpenLibrary+Wikipedia
129,129,129,129,129,10,2026-03-13T16:24:32+00:00,0.51,started,Fundamentals of multicore software development | Perl Cookbook,0,Course OL: /works/OL16239753W; Lesson OL: /works/OL15167379W; source=RandomUser+OpenLibrary+Wikipedia
130,130,130,130,130,11,2026-03-13T13:24:32+00:00,0.58,in_progress,Algorithmic Combinatorics on Partial Words | JavaScript for dummies,0,Course OL: /works/OL9767281W; Lesson OL: /works/OL2765872W; source=RandomUser+OpenLibrary+Wikipedia
131,131,131,131,131,12,2026-03-13T10:24:32+00:00,0.65,completed,Global software development handbook | VBScript in a nutshell,1,Course OL: /works/OL18672510W; Lesson OL: /works/OL3365884W; source=RandomUser+OpenLibrary+Wikipedia
132,132,132,132,132,13,2026-03-13T07:24:32+00:00,0.72,skipped,Delphi in a nutshell | You Don't Know JS Yet,0,Course OL: /works/OL3273254W; Lesson OL: /works/OL27032590W; source=RandomUser+OpenLibrary+Wikipedia
133,133,133,133,133,14,2026-03-13T04:24:32+00:00,0.79,started,The IBM Totalstorage Ds6000 Series | JavaScript and jQuery,0,Course OL: /works/OL8414323W; Lesson OL: /works/OL17341092W; source=RandomUser+OpenLibrary+Wikipedia
134,134,134,134,134,15,2026-03-13T01:24:32+00:00,0.86,in_progress,Computer concepts with microcomputer applications | Ajax Hacks,0,Course OL: /works/OL758360W; Lesson OL: /works/OL2447712W; source=RandomUser+OpenLibrary+Wikipedia
135,135,135,135,135,16,2026-03-12T22:24:32+00:00,0.93,completed,Computers and Games | Smart Computing with Opensource Platforms,0,Course OL: /works/OL16931900W; Lesson OL: /works/OL25217275W; source=RandomUser+OpenLibrary+Wikipedia
136,136,136,136,136,17,2026-03-12T19:24:32+00:00,1.0,skipped,Postmortems from Game Developer | JavaScript Absolute Beginner's Guide,0,Course OL: /works/OL8036322W; Lesson OL: /works/OL19543260W; source=RandomUser+OpenLibrary+Wikipedia
137,137,137,137,137,18,2026-03-12T16:24:32+00:00,1.07,started,"Advanced Game Narrative Toolbox | Building Android apps with HTML, CSS, and JavaScript",0,Course OL: /works/OL25221608W; Lesson OL: /works/OL16600799W; source=RandomUser+OpenLibrary+Wikipedia
138,138,138,138,138,19,2026-03-12T13:24:32+00:00,1.14,in_progress,"AI for Games | Beginning PHP5, Apache, and MySQL Web development",0,Course OL: /works/OL25335842W; Lesson OL: /works/OL17884433W; source=RandomUser+OpenLibrary+Wikipedia
139,139,139,139,139,20,2026-03-12T10:24:32+00:00,1.21,completed,Essentials of Microservices Architecture | Revival,0,Course OL: /works/OL25325612W; Lesson OL: /works/OL25205938W; source=RandomUser+OpenLibrary+Wikipedia
140,140,140,140,140,1,2026-03-12T07:24:32+00:00,1.28,skipped,Processing | Learning web design,0,Course OL: /works/OL25181431W; Lesson OL: /works/OL19882567W; source=RandomUser+OpenLibrary+Wikipedia
141,141,141,141,141,2,2026-03-12T04:24:32+00:00,1.35,started,"Cyber-Enabled Intelligence | Beginning HTML, XHTML, CSS, and JavaScript",0,Course OL: /works/OL25324985W; Lesson OL: /works/OL15191421W; source=RandomUser+OpenLibrary+Wikipedia
142,142,142,142,142,3,2026-03-12T01:24:32+00:00,1.42,in_progress,Automata and Computability | Flex & bison,0,Course OL: /works/OL25216924W; Lesson OL: /works/OL16961859W; source=RandomUser+OpenLibrary+Wikipedia
143,143,143,143,143,4,2026-03-11T22:24:32+00:00,1.49,completed,GPU Pro 360 Guide to 3D Engine Design | Ruby best practices,0,Course OL: /works/OL25232973W; Lesson OL: /works/OL16931636W; source=RandomUser+OpenLibrary+Wikipedia
144,144,144,144,144,5,2026-03-11T19:24:32+00:00,1.56,skipped,"Creating Games with Unreal Engine, Substance Painter, and Maya | JavaScript Cookbook",1,Course OL: /works/OL25253628W; Lesson OL: /works/OL16941971W; source=RandomUser+OpenLibrary+Wikipedia
145,145,145,145,145,6,2026-03-11T16:24:32+00:00,1.63,started,Democratization of Artificial Intelligence for the Future of Humanity | Advanced PHP programming,0,Course OL: /works/OL25255747W; Lesson OL: /works/OL8273720W; source=RandomUser+OpenLibrary+Wikipedia
146,146,146,146,146,7,2026-03-11T13:24:32+00:00,1.7,in_progress,Programming for Hybrid Multi/Manycore MPP Systems | Making use of PHP,0,Course OL: /works/OL25178016W; Lesson OL: /works/OL6026157W; source=RandomUser+OpenLibrary+Wikipedia
147,147,147,147,147,8,2026-03-11T10:24:32+00:00,1.77,completed,Parallel Programming for Modern High Performance Computing Systems | Custom CGI Scripting with Perl,0,Course OL: /works/OL25190667W; Lesson OL: /works/OL8156047W; source=RandomUser+OpenLibrary+Wikipedia
148,148,148,148,148,9,2026-03-11T07:24:32+00:00,1.84,skipped,Game Audio Programming 2 | Setting up LAMP,0,Course OL: /works/OL24207496W; Lesson OL: /works/OL5741519W; source=RandomUser+OpenLibrary+Wikipedia
149,149,149,149,149,10,2026-03-11T04:24:32+00:00,1.91,started,GPU Pro 360 Guide to Lighting | Mastering JSP,0,Course OL: /works/OL25749855W; Lesson OL: /works/OL8546496W; source=RandomUser+OpenLibrary+Wikipedia
150,150,150,150,150,11,2026-03-11T01:24:32+00:00,1.98,in_progress,Game Audio with FMOD and Unity | Making use of JSP,0,Course OL: /works/OL25748805W; Lesson OL: /works/OL5965630W; source=RandomUser+OpenLibrary+Wikipedia
151,151,151,151,151,12,2026-03-10T22:24:32+00:00,0.3,completed,Integrating a Usable Security Protocol into User Authentication Services Design | Adobe AIR 1.5 Cookbook,0,Course OL: /works/OL25746393W; Lesson OL: /works/OL13647754W; source=RandomUser+OpenLibrary+Wikipedia
152,152,152,152,152,13,2026-03-10T19:24:32+00:00,0.37,skipped,Ai and Human Thought and Emotion | Dreamweaver CS6,0,Course OL: /works/OL25752897W; Lesson OL: /works/OL17080392W; source=RandomUser+OpenLibrary+Wikipedia
153,153,153,153,153,14,2026-03-10T16:24:32+00:00,0.44,started,GPU Pro 360 Guide to Geometry Manipulation | Interactive Data Visualization For The Web,0,Course OL: /works/OL25744567W; Lesson OL: /works/OL17581291W; source=RandomUser+OpenLibrary+Wikipedia
154,154,154,154,154,15,2026-03-10T13:24:32+00:00,0.51,in_progress,2D to VR with Unity5 and Google Cardboard | High Performance JavaScript,0,Course OL: /works/OL25744123W; Lesson OL: /works/OL16807218W; source=RandomUser+OpenLibrary+Wikipedia
155,155,155,155,155,16,2026-03-10T10:24:32+00:00,0.58,completed,GPU Pro 360 Guide to Mobile Devices | jQuery,0,Course OL: /works/OL25741669W; Lesson OL: /works/OL16807227W; source=RandomUser+OpenLibrary+Wikipedia
156,156,156,156,156,17,2026-03-10T07:24:32+00:00,0.65,skipped,Beep to Boom | Hadoop Operations,0,Course OL: /works/OL25752568W; Lesson OL: /works/OL17560934W; source=RandomUser+OpenLibrary+Wikipedia
157,157,157,157,157,18,2026-03-10T04:24:32+00:00,0.72,started,Introduction to Unreal Engine 4 | Enterprise Rails,1,Course OL: /works/OL25738313W; Lesson OL: /works/OL16939422W; source=RandomUser+OpenLibrary+Wikipedia
158,158,158,158,158,19,2026-03-10T01:24:32+00:00,0.79,in_progress,Basics of CNC Programming | Developing BackboneJs Applications,0,Course OL: /works/OL20162597W; Lesson OL: /works/OL17519515W; source=RandomUser+OpenLibrary+Wikipedia
159,159,159,159,159,20,2026-03-09T22:24:32+00:00,0.86,completed,Game Development Using Python | AI4U,0,Course OL: /works/OL20569937W; Lesson OL: /works/OL8149416W; source=RandomUser+OpenLibrary+Wikipedia
160,160,160,160,160,1,2026-03-09T19:24:32+00:00,0.93,skipped,High Performance Computing | JSP,0,Course OL: /works/OL19589888W; Lesson OL: /works/OL5746871W; source=RandomUser+OpenLibrary+Wikipedia
161,161,161,161,161,2,2026-03-09T16:24:32+00:00,1.0,started,Android Cookbook: Problems and Solutions for Android Developers | PHP Certification Study Guide,0,Course OL: /works/OL19545505W; Lesson OL: /works/OL8273756W; source=RandomUser+OpenLibrary+Wikipedia
162,162,162,162,162,3,2026-03-09T13:24:32+00:00,1.07,in_progress,"Crouching Buzzard, Leaping Loon | Professional Refactoring in Visual Basic",0,Course OL: /works/OL1985105W; Lesson OL: /works/OL9371957W; source=RandomUser+OpenLibrary+Wikipedia
163,163,163,163,163,4,2026-03-09T10:24:32+00:00,1.14,completed,Cross-Site Scripting Attacks | JavaScript developer's resource,0,Course OL: /works/OL20750956W; Lesson OL: /works/OL2643122W; source=RandomUser+OpenLibrary+Wikipedia
164,164,164,164,164,5,2026-03-09T07:24:32+00:00,1.21,skipped,Surviving Game School...and the Game Industry After That | Appcelerator Titanium,0,Course OL: /works/OL20593475W; Lesson OL: /works/OL19548381W; source=RandomUser+OpenLibrary+Wikipedia
165,165,165,165,165,6,2026-03-09T04:24:32+00:00,1.28,started,Multiagent Systems | HTML5 iPhone Web Application Development,0,Course OL: /works/OL20753520W; Lesson OL: /works/OL19548098W; source=RandomUser+OpenLibrary+Wikipedia
166,166,166,166,166,7,2026-03-09T01:24:32+00:00,1.35,in_progress,Principles of Game Audio and Sound Design | JavaScript For Kids For Dummies,0,Course OL: /works/OL20735361W; Lesson OL: /works/OL20771823W; source=RandomUser+OpenLibrary+Wikipedia
167,167,167,167,167,8,2026-03-08T22:24:32+00:00,1.42,completed,Arduino-Based Embedded Systems | Mobile design and development,0,Course OL: /works/OL21330021W; Lesson OL: /works/OL15415849W; source=RandomUser+OpenLibrary+Wikipedia
168,168,168,168,168,9,2026-03-08T19:24:32+00:00,1.49,skipped,How to Cheat in Blender 2. 7x | Python for Unix and Linux System Administration,0,Course OL: /works/OL21300802W; Lesson OL: /works/OL15563910W; source=RandomUser+OpenLibrary+Wikipedia
169,169,169,169,169,10,2026-03-08T16:24:32+00:00,1.56,started,Embedded Systems and Robotics with Open Source Tools | Mastering Perl/Tk,0,Course OL: /works/OL21288534W; Lesson OL: /works/OL18775189W; source=RandomUser+OpenLibrary+Wikipedia
170,170,170,170,170,11,2026-03-08T13:24:32+00:00,1.63,in_progress,Game Audio Implementation | Supercharged JavaScript graphics,1,Course OL: /works/OL21277260W; Lesson OL: /works/OL16532882W; source=RandomUser+OpenLibrary+Wikipedia
171,171,171,171,171,12,2026-03-08T10:24:32+00:00,1.7,completed,Introduction to Game-Guru | Javascript Web Applications,0,Course OL: /works/OL21649529W; Lesson OL: /works/OL16610045W; source=RandomUser+OpenLibrary+Wikipedia
172,172,172,172,172,13,2026-03-08T07:24:32+00:00,1.77,skipped,Game Production Toolbox | Learning the IOS 4 SDK for JavaScript Programmers,0,Course OL: /works/OL21674495W; Lesson OL: /works/OL17561029W; source=RandomUser+OpenLibrary+Wikipedia
173,173,173,173,173,14,2026-03-08T04:24:32+00:00,1.84,started,2D Game Development with Unity | Closure,0,Course OL: /works/OL21708719W; Lesson OL: /works/OL16990457W; source=RandomUser+OpenLibrary+Wikipedia
174,174,174,174,174,15,2026-03-08T01:24:32+00:00,1.91,in_progress,Aaron Marks' Complete Guide to Game Audio | Mobile Javascript Application Development,0,Course OL: /works/OL21672722W; Lesson OL: /works/OL17447143W; source=RandomUser+OpenLibrary+Wikipedia
175,175,175,175,175,16,2026-03-07T22:24:32+00:00,1.98,completed,Aesthetic of Play | Speaking JavaScript,0,Course OL: /works/OL21562399W; Lesson OL: /works/OL17538569W; source=RandomUser+OpenLibrary+Wikipedia
176,176,176,176,176,17,2026-03-07T19:24:32+00:00,0.3,skipped,GPU Pro 360 Guide to Shadows | Sams teach yourself JavaScript 1.3 in 24 hours,0,Course OL: /works/OL21623254W; Lesson OL: /works/OL53613W; source=RandomUser+OpenLibrary+Wikipedia
177,177,177,177,177,18,2026-03-07T16:24:32+00:00,0.37,started,Holistic Game Development with Unity 3e | Programming the Network with Perl,0,Course OL: /works/OL21335863W; Lesson OL: /works/OL3555527W; source=RandomUser+OpenLibrary+Wikipedia
178,178,178,178,178,19,2026-03-07T13:24:32+00:00,0.44,in_progress,"Secure, Resilient, and Agile Software Development | Head first JavaScript",0,Course OL: /works/OL21675233W; Lesson OL: /works/OL16931728W; source=RandomUser+OpenLibrary+Wikipedia
179,179,179,179,179,20,2026-03-07T10:24:32+00:00,0.51,completed,"Smart Science, Design and Technology | Doing Web development",0,Course OL: /works/OL21657952W; Lesson OL: /works/OL2172108W; source=RandomUser+OpenLibrary+Wikipedia
180,180,180,180,180,1,2026-03-07T07:24:32+00:00,0.58,skipped,Building secure software | Introduction to Interactive Programming on the Internet,0,Course OL: /works/OL5753325W; Lesson OL: /works/OL8226550W; source=RandomUser+OpenLibrary+Wikipedia
181,181,181,181,181,2,2026-03-07T04:24:32+00:00,0.65,started,Easy programming with the TI-99/4A | How to do everything with PHP & MySQL,0,Course OL: /works/OL5599379W; Lesson OL: /works/OL5798983W; source=RandomUser+OpenLibrary+Wikipedia
182,182,182,182,182,3,2026-03-07T01:24:32+00:00,0.72,in_progress,The game production handbook | Programming the Perl DBI,0,Course OL: /works/OL5840391W; Lesson OL: /works/OL7795946W; source=RandomUser+OpenLibrary+Wikipedia
183,183,183,183,183,4,2026-03-06T22:24:32+00:00,0.79,completed,Successful Packaged Software Implementation | Sams Teach Yourself CGI in 24 Hours,1,Course OL: /works/OL8636467W; Lesson OL: /works/OL8273390W; source=RandomUser+OpenLibrary+Wikipedia
184,184,184,184,184,5,2026-03-06T19:24:32+00:00,0.86,skipped,Windows PowerShell cookbook | PHP by example,0,Course OL: /works/OL8167703W; Lesson OL: /works/OL8578601W; source=RandomUser+OpenLibrary+Wikipedia
185,185,185,185,185,6,2026-03-06T16:24:32+00:00,0.93,started,Programming Collective Intelligence | MCAD/MCSD Training Guide (70-315),0,Course OL: /works/OL8167707W; Lesson OL: /works/OL8578632W; source=RandomUser+OpenLibrary+Wikipedia
186,186,186,186,186,7,2026-03-06T13:24:32+00:00,1.0,in_progress,"Programming Mobile Devices | Practical JavaScript, DOM Scripting and Ajax Projects",0,Course OL: /works/OL8205375W; Lesson OL: /works/OL8977863W; source=RandomUser+OpenLibrary+Wikipedia
187,187,187,187,187,8,2026-03-06T10:24:32+00:00,1.07,completed,"Very basic BASIC | Sams Teach Yourself PHP, MySQL and Apache All-in-One",0,Course OL: /works/OL9703502W; Lesson OL: /works/OL5738925W; source=RandomUser+OpenLibrary+Wikipedia
188,188,188,188,188,9,2026-03-06T07:24:32+00:00,1.14,skipped,AI Game Programming Wisdom 4 | Server Scripts With Visual Javascript (Hands-on Web Development),0,Course OL: /works/OL8947682W; Lesson OL: /works/OL135198W; source=RandomUser+OpenLibrary+Wikipedia
189,189,189,189,189,10,2026-03-06T04:24:32+00:00,1.21,started,Spatial audio processing | Professional Visual Basic 2008,0,Course OL: /works/OL9367434W; Lesson OL: /works/OL15069450W; source=RandomUser+OpenLibrary+Wikipedia
190,190,190,190,190,11,2026-03-06T01:24:32+00:00,1.28,in_progress,Racing the Beam | Responsive Web Design with HTML5 and CSS3 - Second Edition,0,Course OL: /works/OL9261290W; Lesson OL: /works/OL27690582W; source=RandomUser+OpenLibrary+Wikipedia
191,191,191,191,191,12,2026-03-05T22:24:32+00:00,1.35,completed,The complete guide to Torque X | Java programming with CORBA,0,Course OL: /works/OL8977673W; Lesson OL: /works/OL2754361W; source=RandomUser+OpenLibrary+Wikipedia
192,192,192,192,192,13,2026-03-05T19:24:32+00:00,1.42,skipped,REALbasic | Head First Android Development,0,Course OL: /works/OL5750502W; Lesson OL: /works/OL19543178W; source=RandomUser+OpenLibrary+Wikipedia
193,193,193,193,193,14,2026-03-05T16:24:32+00:00,1.49,started,Introduction to Modeling and Simulation with MATLAB® and Python | Learning AngularJS,0,Course OL: /works/OL25187574W; Lesson OL: /works/OL19546893W; source=RandomUser+OpenLibrary+Wikipedia
194,194,194,194,194,15,2026-03-05T13:24:32+00:00,1.56,in_progress,Swarm Intelligence for Iris Recognition | AngularJS UI Development,0,Course OL: /works/OL25338491W; Lesson OL: /works/OL19547030W; source=RandomUser+OpenLibrary+Wikipedia
195,195,195,195,195,16,2026-03-05T10:24:32+00:00,1.63,completed,Translation of Realia and Irrealia in Game Localization | Ext JS 4 first look,0,Course OL: /works/OL25321965W; Lesson OL: /works/OL19849213W; source=RandomUser+OpenLibrary+Wikipedia
196,196,196,196,196,17,2026-03-05T07:24:32+00:00,1.7,skipped,"AI for Games, Third Edition | Adobe edge animate",1,Course OL: /works/OL25216786W; Lesson OL: /works/OL21179410W; source=RandomUser+OpenLibrary+Wikipedia
197,197,197,197,197,18,2026-03-05T04:24:32+00:00,1.77,started,Opportunistic Networks | Pro JSP 2,0,Course OL: /works/OL24458309W; Lesson OL: /works/OL19897460W; source=RandomUser+OpenLibrary+Wikipedia
198,198,198,198,198,19,2026-03-05T01:24:32+00:00,1.84,in_progress,e-RPG | PHP 5 in Practice,0,Course OL: /works/OL225038W; Lesson OL: /works/OL15187269W; source=RandomUser+OpenLibrary+Wikipedia
199,199,199,199,199,20,2026-03-04T22:24:32+00:00,1.91,completed,Game Programming for Artists | Getting Started with BeagleBone,0,Course OL: /works/OL25745963W; Lesson OL: /works/OL17581298W; source=RandomUser+OpenLibrary+Wikipedia
200,200,200,200,200,1,2026-03-04T19:24:32+00:00,1.98,skipped,8088 assembler language programming | Extending Jquery,0,Course OL: /works/OL123228W; Lesson OL: /works/OL17582818W; source=RandomUser+OpenLibrary+Wikipedia
