id,roadmap_id,course_id,sequence,priority,timeframe,status,recommendation_reason,similarity_score
1,1,1,10,high,short,pending,Gợi ý khóa #1 cho roadmap 1,55.00
2,1,12,20,medium,medium,in_progress,Gợi ý khóa #12 cho roadmap 1,62.00
3,1,23,30,low,long,completed,Gợi ý khóa #23 cho roadmap 1,69.00
4,2,2,10,medium,medium,in_progress,Gợi ý khóa #2 cho roadmap 2,56.00
5,2,13,20,low,long,completed,Gợi ý khóa #13 cho roadmap 2,63.00
6,2,24,30,high,short,skipped,Gợi ý khóa #24 cho roadmap 2,70.00
7,3,3,10,low,long,completed,Gợi ý khóa #3 cho roadmap 3,57.00
8,3,14,20,high,short,skipped,Gợi ý khóa #14 cho roadmap 3,64.00
9,3,25,30,medium,medium,pending,Gợi ý khóa #25 cho roadmap 3,71.00
10,4,4,10,high,short,skipped,Gợi ý khóa #4 cho roadmap 4,58.00
11,4,15,20,medium,medium,pending,Gợi ý khóa #15 cho roadmap 4,65.00
12,4,26,30,low,long,in_progress,Gợi ý khóa #26 cho roadmap 4,72.00
13,5,5,10,medium,medium,pending,Gợi ý khóa #5 cho roadmap 5,59.00
14,5,16,20,low,long,in_progress,Gợi ý khóa #16 cho roadmap 5,66.00
15,5,27,30,high,short,completed,Gợi ý khóa #27 cho roadmap 5,73.00
16,6,6,10,low,long,in_progress,Gợi ý khóa #6 cho roadmap 6,60.00
17,6,17,20,high,short,completed,Gợi ý khóa #17 cho roadmap 6,67.00
18,6,28,30,medium,medium,skipped,Gợi ý khóa #28 cho roadmap 6,74.00
19,7,7,10,high,short,completed,Gợi ý khóa #7 cho roadmap 7,61.00
20,7,18,20,medium,medium,skipped,Gợi ý khóa #18 cho roadmap 7,68.00
21,7,29,30,low,long,pending,Gợi ý khóa #29 cho roadmap 7,75.00
22,8,8,10,medium,medium,skipped,Gợi ý khóa #8 cho roadmap 8,62.00
23,8,19,20,low,long,pending,Gợi ý khóa #19 cho roadmap 8,69.00
24,8,30,30,high,short,in_progress,Gợi ý khóa #30 cho roadmap 8,76.00
25,9,9,10,low,long,pending,Gợi ý khóa #9 cho roadmap 9,63.00
26,9,20,20,high,short,in_progress,Gợi ý khóa #20 cho roadmap 9,70.00
27,9,31,30,medium,medium,completed,Gợi ý khóa #31 cho roadmap 9,77.00
28,10,10,10,high,short,in_progress,Gợi ý khóa #10 cho roadmap 10,64.00
29,10,21,20,medium,medium,completed,Gợi ý khóa #21 cho roadmap 10,71.00
30,10,32,30,low,long,skipped,Gợi ý khóa #32 cho roadmap 10,78.00
31,11,11,10,medium,medium,completed,Gợi ý khóa #11 cho roadmap 11,65.00
32,11,22,20,low,long,skipped,Gợi ý khóa #22 cho roadmap 11,72.00
33,11,33,30,high,short,pending,Gợi ý khóa #33 cho roadmap 11,79.00
34,12,12,10,low,long,skipped,Gợi ý khóa #12 cho roadmap 12,66.00
35,12,23,20,high,short,pending,Gợi ý khóa #23 cho roadmap 12,73.00
36,12,34,30,medium,medium,in_progress,Gợi ý khóa #34 cho roadmap 12,80.00
37,13,13,10,high,short,pending,Gợi ý khóa #13 cho roadmap 13,67.00
38,13,24,20,medium,medium,in_progress,Gợi ý khóa #24 cho roadmap 13,74.00
39,13,35,30,low,long,completed,Gợi ý khóa #35 cho roadmap 13,81.00
40,14,14,10,medium,medium,in_progress,Gợi ý khóa #14 cho roadmap 14,68.00
41,14,25,20,low,long,completed,Gợi ý khóa #25 cho roadmap 14,75.00
42,14,36,30,high,short,skipped,Gợi ý khóa #36 cho roadmap 14,82.00
43,15,15,10,low,long,completed,Gợi ý khóa #15 cho roadmap 15,69.00
44,15,26,20,high,short,skipped,Gợi ý khóa #26 cho roadmap 15,76.00
45,15,37,30,medium,medium,pending,Gợi ý khóa #37 cho roadmap 15,83.00
46,16,16,10,high,short,skipped,Gợi ý khóa #16 cho roadmap 16,70.00
47,16,27,20,medium,medium,pending,Gợi ý khóa #27 cho roadmap 16,77.00
48,16,38,30,low,long,in_progress,Gợi ý khóa #38 cho roadmap 16,84.00
49,17,17,10,medium,medium,pending,Gợi ý khóa #17 cho roadmap 17,71.00
50,17,28,20,low,long,in_progress,Gợi ý khóa #28 cho roadmap 17,78.00
51,17,39,30,high,short,completed,Gợi ý khóa #39 cho roadmap 17,85.00
52,18,18,10,low,long,in_progress,Gợi ý khóa #18 cho roadmap 18,72.00
53,18,29,20,high,short,completed,Gợi ý khóa #29 cho roadmap 18,79.00
54,18,40,30,medium,medium,skipped,Gợi ý khóa #40 cho roadmap 18,86.00
55,19,19,10,high,short,completed,Gợi ý khóa #19 cho roadmap 19,73.00
56,19,30,20,medium,medium,skipped,Gợi ý khóa #30 cho roadmap 19,80.00
57,19,41,30,low,long,pending,Gợi ý khóa #41 cho roadmap 19,87.00
58,20,20,10,medium,medium,skipped,Gợi ý khóa #20 cho roadmap 20,74.00
59,20,31,20,low,long,pending,Gợi ý khóa #31 cho roadmap 20,81.00
60,20,42,30,high,short,in_progress,Gợi ý khóa #42 cho roadmap 20,88.00
61,21,21,10,low,long,pending,Gợi ý khóa #21 cho roadmap 21,75.00
62,21,32,20,high,short,in_progress,Gợi ý khóa #32 cho roadmap 21,82.00
63,21,43,30,medium,medium,completed,Gợi ý khóa #43 cho roadmap 21,89.00
64,22,22,10,high,short,in_progress,Gợi ý khóa #22 cho roadmap 22,76.00
65,22,33,20,medium,medium,completed,Gợi ý khóa #33 cho roadmap 22,83.00
66,22,44,30,low,long,skipped,Gợi ý khóa #44 cho roadmap 22,90.00
67,23,23,10,medium,medium,completed,Gợi ý khóa #23 cho roadmap 23,77.00
68,23,34,20,low,long,skipped,Gợi ý khóa #34 cho roadmap 23,84.00
69,23,45,30,high,short,pending,Gợi ý khóa #45 cho roadmap 23,91.00
70,24,24,10,low,long,skipped,Gợi ý khóa #24 cho roadmap 24,78.00
71,24,35,20,high,short,pending,Gợi ý khóa #35 cho roadmap 24,85.00
72,24,46,30,medium,medium,in_progress,Gợi ý khóa #46 cho roadmap 24,92.00
73,25,25,10,high,short,pending,Gợi ý khóa #25 cho roadmap 25,79.00
74,25,36,20,medium,medium,in_progress,Gợi ý khóa #36 cho roadmap 25,86.00
75,25,47,30,low,long,completed,Gợi ý khóa #47 cho roadmap 25,93.00
76,26,26,10,medium,medium,in_progress,Gợi ý khóa #26 cho roadmap 26,80.00
77,26,37,20,low,long,completed,Gợi ý khóa #37 cho roadmap 26,87.00
78,26,48,30,high,short,skipped,Gợi ý khóa #48 cho roadmap 26,94.00
79,27,27,10,low,long,completed,Gợi ý khóa #27 cho roadmap 27,81.00
80,27,38,20,high,short,skipped,Gợi ý khóa #38 cho roadmap 27,88.00
81,27,49,30,medium,medium,pending,Gợi ý khóa #49 cho roadmap 27,55.00
82,28,28,10,high,short,skipped,Gợi ý khóa #28 cho roadmap 28,82.00
83,28,39,20,medium,medium,pending,Gợi ý khóa #39 cho roadmap 28,89.00
84,28,50,30,low,long,in_progress,Gợi ý khóa #50 cho roadmap 28,56.00
85,29,29,10,medium,medium,pending,Gợi ý khóa #29 cho roadmap 29,83.00
86,29,40,20,low,long,in_progress,Gợi ý khóa #40 cho roadmap 29,90.00
87,29,51,30,high,short,completed,Gợi ý khóa #51 cho roadmap 29,57.00
88,30,30,10,low,long,in_progress,Gợi ý khóa #30 cho roadmap 30,84.00
89,30,41,20,high,short,completed,Gợi ý khóa #41 cho roadmap 30,91.00
90,30,52,30,medium,medium,skipped,Gợi ý khóa #52 cho roadmap 30,58.00
91,31,31,10,high,short,completed,Gợi ý khóa #31 cho roadmap 31,85.00
92,31,42,20,medium,medium,skipped,Gợi ý khóa #42 cho roadmap 31,92.00
93,31,53,30,low,long,pending,Gợi ý khóa #53 cho roadmap 31,59.00
94,32,32,10,medium,medium,skipped,Gợi ý khóa #32 cho roadmap 32,86.00
95,32,43,20,low,long,pending,Gợi ý khóa #43 cho roadmap 32,93.00
96,32,54,30,high,short,in_progress,Gợi ý khóa #54 cho roadmap 32,60.00
97,33,33,10,low,long,pending,Gợi ý khóa #33 cho roadmap 33,87.00
98,33,44,20,high,short,in_progress,Gợi ý khóa #44 cho roadmap 33,94.00
99,33,55,30,medium,medium,completed,Gợi ý khóa #55 cho roadmap 33,61.00
100,34,34,10,high,short,in_progress,Gợi ý khóa #34 cho roadmap 34,88.00
101,34,45,20,medium,medium,completed,Gợi ý khóa #45 cho roadmap 34,55.00
102,34,56,30,low,long,skipped,Gợi ý khóa #56 cho roadmap 34,62.00
103,35,35,10,medium,medium,completed,Gợi ý khóa #35 cho roadmap 35,89.00
104,35,46,20,low,long,skipped,Gợi ý khóa #46 cho roadmap 35,56.00
105,35,57,30,high,short,pending,Gợi ý khóa #57 cho roadmap 35,63.00
106,36,36,10,low,long,skipped,Gợi ý khóa #36 cho roadmap 36,90.00
107,36,47,20,high,short,pending,Gợi ý khóa #47 cho roadmap 36,57.00
108,36,58,30,medium,medium,in_progress,Gợi ý khóa #58 cho roadmap 36,64.00
109,37,37,10,high,short,pending,Gợi ý khóa #37 cho roadmap 37,91.00
110,37,48,20,medium,medium,in_progress,Gợi ý khóa #48 cho roadmap 37,58.00
111,37,59,30,low,long,completed,Gợi ý khóa #59 cho roadmap 37,65.00
112,38,38,10,medium,medium,in_progress,Gợi ý khóa #38 cho roadmap 38,92.00
113,38,49,20,low,long,completed,Gợi ý khóa #49 cho roadmap 38,59.00
114,38,60,30,high,short,skipped,Gợi ý khóa #60 cho roadmap 38,66.00
115,39,39,10,low,long,completed,Gợi ý khóa #39 cho roadmap 39,93.00
116,39,50,20,high,short,skipped,Gợi ý khóa #50 cho roadmap 39,60.00
117,39,61,30,medium,medium,pending,Gợi ý khóa #61 cho roadmap 39,67.00
118,40,40,10,high,short,skipped,Gợi ý khóa #40 cho roadmap 40,94.00
119,40,51,20,medium,medium,pending,Gợi ý khóa #51 cho roadmap 40,61.00
120,40,62,30,low,long,in_progress,Gợi ý khóa #62 cho roadmap 40,68.00
121,41,41,10,medium,medium,pending,Gợi ý khóa #41 cho roadmap 41,55.00
122,41,52,20,low,long,in_progress,Gợi ý khóa #52 cho roadmap 41,62.00
123,41,63,30,high,short,completed,Gợi ý khóa #63 cho roadmap 41,69.00
124,42,42,10,low,long,in_progress,Gợi ý khóa #42 cho roadmap 42,56.00
125,42,53,20,high,short,completed,Gợi ý khóa #53 cho roadmap 42,63.00
126,42,64,30,medium,medium,skipped,Gợi ý khóa #64 cho roadmap 42,70.00
127,43,43,10,high,short,completed,Gợi ý khóa #43 cho roadmap 43,57.00
128,43,54,20,medium,medium,skipped,Gợi ý khóa #54 cho roadmap 43,64.00
129,43,65,30,low,long,pending,Gợi ý khóa #65 cho roadmap 43,71.00
130,44,44,10,medium,medium,skipped,Gợi ý khóa #44 cho roadmap 44,58.00
131,44,55,20,low,long,pending,Gợi ý khóa #55 cho roadmap 44,65.00
132,44,66,30,high,short,in_progress,Gợi ý khóa #66 cho roadmap 44,72.00
133,45,45,10,low,long,pending,Gợi ý khóa #45 cho roadmap 45,59.00
134,45,56,20,high,short,in_progress,Gợi ý khóa #56 cho roadmap 45,66.00
135,45,67,30,medium,medium,completed,Gợi ý khóa #67 cho roadmap 45,73.00
136,46,46,10,high,short,in_progress,Gợi ý khóa #46 cho roadmap 46,60.00
137,46,57,20,medium,medium,completed,Gợi ý khóa #57 cho roadmap 46,67.00
138,46,68,30,low,long,skipped,Gợi ý khóa #68 cho roadmap 46,74.00
139,47,47,10,medium,medium,completed,Gợi ý khóa #47 cho roadmap 47,61.00
140,47,58,20,low,long,skipped,Gợi ý khóa #58 cho roadmap 47,68.00
141,47,69,30,high,short,pending,Gợi ý khóa #69 cho roadmap 47,75.00
142,48,48,10,low,long,skipped,Gợi ý khóa #48 cho roadmap 48,62.00
143,48,59,20,high,short,pending,Gợi ý khóa #59 cho roadmap 48,69.00
144,48,70,30,medium,medium,in_progress,Gợi ý khóa #70 cho roadmap 48,76.00
145,49,49,10,high,short,pending,Gợi ý khóa #49 cho roadmap 49,63.00
146,49,60,20,medium,medium,in_progress,Gợi ý khóa #60 cho roadmap 49,70.00
147,49,71,30,low,long,completed,Gợi ý khóa #71 cho roadmap 49,77.00
148,50,50,10,medium,medium,in_progress,Gợi ý khóa #50 cho roadmap 50,64.00
149,50,61,20,low,long,completed,Gợi ý khóa #61 cho roadmap 50,71.00
150,50,72,30,high,short,skipped,Gợi ý khóa #72 cho roadmap 50,78.00
151,51,51,10,low,long,completed,Gợi ý khóa #51 cho roadmap 51,65.00
152,51,62,20,high,short,skipped,Gợi ý khóa #62 cho roadmap 51,72.00
153,51,73,30,medium,medium,pending,Gợi ý khóa #73 cho roadmap 51,79.00
154,52,52,10,high,short,skipped,Gợi ý khóa #52 cho roadmap 52,66.00
155,52,63,20,medium,medium,pending,Gợi ý khóa #63 cho roadmap 52,73.00
156,52,74,30,low,long,in_progress,Gợi ý khóa #74 cho roadmap 52,80.00
157,53,53,10,medium,medium,pending,Gợi ý khóa #53 cho roadmap 53,67.00
158,53,64,20,low,long,in_progress,Gợi ý khóa #64 cho roadmap 53,74.00
159,53,75,30,high,short,completed,Gợi ý khóa #75 cho roadmap 53,81.00
160,54,54,10,low,long,in_progress,Gợi ý khóa #54 cho roadmap 54,68.00
161,54,65,20,high,short,completed,Gợi ý khóa #65 cho roadmap 54,75.00
162,54,76,30,medium,medium,skipped,Gợi ý khóa #76 cho roadmap 54,82.00
163,55,55,10,high,short,completed,Gợi ý khóa #55 cho roadmap 55,69.00
164,55,66,20,medium,medium,skipped,Gợi ý khóa #66 cho roadmap 55,76.00
165,55,77,30,low,long,pending,Gợi ý khóa #77 cho roadmap 55,83.00
166,56,56,10,medium,medium,skipped,Gợi ý khóa #56 cho roadmap 56,70.00
167,56,67,20,low,long,pending,Gợi ý khóa #67 cho roadmap 56,77.00
168,56,78,30,high,short,in_progress,Gợi ý khóa #78 cho roadmap 56,84.00
169,57,57,10,low,long,pending,Gợi ý khóa #57 cho roadmap 57,71.00
170,57,68,20,high,short,in_progress,Gợi ý khóa #68 cho roadmap 57,78.00
171,57,79,30,medium,medium,completed,Gợi ý khóa #79 cho roadmap 57,85.00
172,58,58,10,high,short,in_progress,Gợi ý khóa #58 cho roadmap 58,72.00
173,58,69,20,medium,medium,completed,Gợi ý khóa #69 cho roadmap 58,79.00
174,58,80,30,low,long,skipped,Gợi ý khóa #80 cho roadmap 58,86.00
175,59,59,10,medium,medium,completed,Gợi ý khóa #59 cho roadmap 59,73.00
176,59,70,20,low,long,skipped,Gợi ý khóa #70 cho roadmap 59,80.00
177,59,81,30,high,short,pending,Gợi ý khóa #81 cho roadmap 59,87.00
178,60,60,10,low,long,skipped,Gợi ý khóa #60 cho roadmap 60,74.00
179,60,71,20,high,short,pending,Gợi ý khóa #71 cho roadmap 60,81.00
180,60,82,30,medium,medium,in_progress,Gợi ý khóa #82 cho roadmap 60,88.00
181,61,61,10,high,short,pending,Gợi ý khóa #61 cho roadmap 61,75.00
182,61,72,20,medium,medium,in_progress,Gợi ý khóa #72 cho roadmap 61,82.00
183,61,83,30,low,long,completed,Gợi ý khóa #83 cho roadmap 61,89.00
184,62,62,10,medium,medium,in_progress,Gợi ý khóa #62 cho roadmap 62,76.00
185,62,73,20,low,long,completed,Gợi ý khóa #73 cho roadmap 62,83.00
186,62,84,30,high,short,skipped,Gợi ý khóa #84 cho roadmap 62,90.00
187,63,63,10,low,long,completed,Gợi ý khóa #63 cho roadmap 63,77.00
188,63,74,20,high,short,skipped,Gợi ý khóa #74 cho roadmap 63,84.00
189,63,85,30,medium,medium,pending,Gợi ý khóa #85 cho roadmap 63,91.00
190,64,64,10,high,short,skipped,Gợi ý khóa #64 cho roadmap 64,78.00
191,64,75,20,medium,medium,pending,Gợi ý khóa #75 cho roadmap 64,85.00
192,64,86,30,low,long,in_progress,Gợi ý khóa #86 cho roadmap 64,92.00
193,65,65,10,medium,medium,pending,Gợi ý khóa #65 cho roadmap 65,79.00
194,65,76,20,low,long,in_progress,Gợi ý khóa #76 cho roadmap 65,86.00
195,65,87,30,high,short,completed,Gợi ý khóa #87 cho roadmap 65,93.00
196,66,66,10,low,long,in_progress,Gợi ý khóa #66 cho roadmap 66,80.00
197,66,77,20,high,short,completed,Gợi ý khóa #77 cho roadmap 66,87.00
198,66,88,30,medium,medium,skipped,Gợi ý khóa #88 cho roadmap 66,94.00
199,67,67,10,high,short,completed,Gợi ý khóa #67 cho roadmap 67,81.00
200,67,78,20,medium,medium,skipped,Gợi ý khóa #78 cho roadmap 67,88.00
201,67,89,30,low,long,pending,Gợi ý khóa #89 cho roadmap 67,55.00
202,68,68,10,medium,medium,skipped,Gợi ý khóa #68 cho roadmap 68,82.00
203,68,79,20,low,long,pending,Gợi ý khóa #79 cho roadmap 68,89.00
204,68,90,30,high,short,in_progress,Gợi ý khóa #90 cho roadmap 68,56.00
205,69,69,10,low,long,pending,Gợi ý khóa #69 cho roadmap 69,83.00
206,69,80,20,high,short,in_progress,Gợi ý khóa #80 cho roadmap 69,90.00
207,69,91,30,medium,medium,completed,Gợi ý khóa #91 cho roadmap 69,57.00
208,70,70,10,high,short,in_progress,Gợi ý khóa #70 cho roadmap 70,84.00
209,70,81,20,medium,medium,completed,Gợi ý khóa #81 cho roadmap 70,91.00
210,70,92,30,low,long,skipped,Gợi ý khóa #92 cho roadmap 70,58.00
211,71,71,10,medium,medium,completed,Gợi ý khóa #71 cho roadmap 71,85.00
212,71,82,20,low,long,skipped,Gợi ý khóa #82 cho roadmap 71,92.00
213,71,93,30,high,short,pending,Gợi ý khóa #93 cho roadmap 71,59.00
214,72,72,10,low,long,skipped,Gợi ý khóa #72 cho roadmap 72,86.00
215,72,83,20,high,short,pending,Gợi ý khóa #83 cho roadmap 72,93.00
216,72,94,30,medium,medium,in_progress,Gợi ý khóa #94 cho roadmap 72,60.00
217,73,73,10,high,short,pending,Gợi ý khóa #73 cho roadmap 73,87.00
218,73,84,20,medium,medium,in_progress,Gợi ý khóa #84 cho roadmap 73,94.00
219,73,95,30,low,long,completed,Gợi ý khóa #95 cho roadmap 73,61.00
220,74,74,10,medium,medium,in_progress,Gợi ý khóa #74 cho roadmap 74,88.00
221,74,85,20,low,long,completed,Gợi ý khóa #85 cho roadmap 74,55.00
222,74,96,30,high,short,skipped,Gợi ý khóa #96 cho roadmap 74,62.00
223,75,75,10,low,long,completed,Gợi ý khóa #75 cho roadmap 75,89.00
224,75,86,20,high,short,skipped,Gợi ý khóa #86 cho roadmap 75,56.00
225,75,97,30,medium,medium,pending,Gợi ý khóa #97 cho roadmap 75,63.00
226,76,76,10,high,short,skipped,Gợi ý khóa #76 cho roadmap 76,90.00
227,76,87,20,medium,medium,pending,Gợi ý khóa #87 cho roadmap 76,57.00
228,76,98,30,low,long,in_progress,Gợi ý khóa #98 cho roadmap 76,64.00
229,77,77,10,medium,medium,pending,Gợi ý khóa #77 cho roadmap 77,91.00
230,77,88,20,low,long,in_progress,Gợi ý khóa #88 cho roadmap 77,58.00
231,77,99,30,high,short,completed,Gợi ý khóa #99 cho roadmap 77,65.00
232,78,78,10,low,long,in_progress,Gợi ý khóa #78 cho roadmap 78,92.00
233,78,89,20,high,short,completed,Gợi ý khóa #89 cho roadmap 78,59.00
234,78,100,30,medium,medium,skipped,Gợi ý khóa #100 cho roadmap 78,66.00
235,79,79,10,high,short,completed,Gợi ý khóa #79 cho roadmap 79,93.00
236,79,90,20,medium,medium,skipped,Gợi ý khóa #90 cho roadmap 79,60.00
237,79,101,30,low,long,pending,Gợi ý khóa #101 cho roadmap 79,67.00
238,80,80,10,medium,medium,skipped,Gợi ý khóa #80 cho roadmap 80,94.00
239,80,91,20,low,long,pending,Gợi ý khóa #91 cho roadmap 80,61.00
240,80,102,30,high,short,in_progress,Gợi ý khóa #102 cho roadmap 80,68.00
241,81,81,10,low,long,pending,Gợi ý khóa #81 cho roadmap 81,55.00
242,81,92,20,high,short,in_progress,Gợi ý khóa #92 cho roadmap 81,62.00
243,81,103,30,medium,medium,completed,Gợi ý khóa #103 cho roadmap 81,69.00
244,82,82,10,high,short,in_progress,Gợi ý khóa #82 cho roadmap 82,56.00
245,82,93,20,medium,medium,completed,Gợi ý khóa #93 cho roadmap 82,63.00
246,82,104,30,low,long,skipped,Gợi ý khóa #104 cho roadmap 82,70.00
247,83,83,10,medium,medium,completed,Gợi ý khóa #83 cho roadmap 83,57.00
248,83,94,20,low,long,skipped,Gợi ý khóa #94 cho roadmap 83,64.00
249,83,105,30,high,short,pending,Gợi ý khóa #105 cho roadmap 83,71.00
250,84,84,10,low,long,skipped,Gợi ý khóa #84 cho roadmap 84,58.00
251,84,95,20,high,short,pending,Gợi ý khóa #95 cho roadmap 84,65.00
252,84,106,30,medium,medium,in_progress,Gợi ý khóa #106 cho roadmap 84,72.00
253,85,85,10,high,short,pending,Gợi ý khóa #85 cho roadmap 85,59.00
254,85,96,20,medium,medium,in_progress,Gợi ý khóa #96 cho roadmap 85,66.00
255,85,107,30,low,long,completed,Gợi ý khóa #107 cho roadmap 85,73.00
256,86,86,10,medium,medium,in_progress,Gợi ý khóa #86 cho roadmap 86,60.00
257,86,97,20,low,long,completed,Gợi ý khóa #97 cho roadmap 86,67.00
258,86,108,30,high,short,skipped,Gợi ý khóa #108 cho roadmap 86,74.00
259,87,87,10,low,long,completed,Gợi ý khóa #87 cho roadmap 87,61.00
260,87,98,20,high,short,skipped,Gợi ý khóa #98 cho roadmap 87,68.00
261,87,109,30,medium,medium,pending,Gợi ý khóa #109 cho roadmap 87,75.00
262,88,88,10,high,short,skipped,Gợi ý khóa #88 cho roadmap 88,62.00
263,88,99,20,medium,medium,pending,Gợi ý khóa #99 cho roadmap 88,69.00
264,88,110,30,low,long,in_progress,Gợi ý khóa #110 cho roadmap 88,76.00
265,89,89,10,medium,medium,pending,Gợi ý khóa #89 cho roadmap 89,63.00
266,89,100,20,low,long,in_progress,Gợi ý khóa #100 cho roadmap 89,70.00
267,89,111,30,high,short,completed,Gợi ý khóa #111 cho roadmap 89,77.00
268,90,90,10,low,long,in_progress,Gợi ý khóa #90 cho roadmap 90,64.00
269,90,101,20,high,short,completed,Gợi ý khóa #101 cho roadmap 90,71.00
270,90,112,30,medium,medium,skipped,Gợi ý khóa #112 cho roadmap 90,78.00
271,91,91,10,high,short,completed,Gợi ý khóa #91 cho roadmap 91,65.00
272,91,102,20,medium,medium,skipped,Gợi ý khóa #102 cho roadmap 91,72.00
273,91,113,30,low,long,pending,Gợi ý khóa #113 cho roadmap 91,79.00
274,92,92,10,medium,medium,skipped,Gợi ý khóa #92 cho roadmap 92,66.00
275,92,103,20,low,long,pending,Gợi ý khóa #103 cho roadmap 92,73.00
276,92,114,30,high,short,in_progress,Gợi ý khóa #114 cho roadmap 92,80.00
277,93,93,10,low,long,pending,Gợi ý khóa #93 cho roadmap 93,67.00
278,93,104,20,high,short,in_progress,Gợi ý khóa #104 cho roadmap 93,74.00
279,93,115,30,medium,medium,completed,Gợi ý khóa #115 cho roadmap 93,81.00
280,94,94,10,high,short,in_progress,Gợi ý khóa #94 cho roadmap 94,68.00
281,94,105,20,medium,medium,completed,Gợi ý khóa #105 cho roadmap 94,75.00
282,94,116,30,low,long,skipped,Gợi ý khóa #116 cho roadmap 94,82.00
283,95,95,10,medium,medium,completed,Gợi ý khóa #95 cho roadmap 95,69.00
284,95,106,20,low,long,skipped,Gợi ý khóa #106 cho roadmap 95,76.00
285,95,117,30,high,short,pending,Gợi ý khóa #117 cho roadmap 95,83.00
286,96,96,10,low,long,skipped,Gợi ý khóa #96 cho roadmap 96,70.00
287,96,107,20,high,short,pending,Gợi ý khóa #107 cho roadmap 96,77.00
288,96,118,30,medium,medium,in_progress,Gợi ý khóa #118 cho roadmap 96,84.00
289,97,97,10,high,short,pending,Gợi ý khóa #97 cho roadmap 97,71.00
290,97,108,20,medium,medium,in_progress,Gợi ý khóa #108 cho roadmap 97,78.00
291,97,119,30,low,long,completed,Gợi ý khóa #119 cho roadmap 97,85.00
292,98,98,10,medium,medium,in_progress,Gợi ý khóa #98 cho roadmap 98,72.00
293,98,109,20,low,long,completed,Gợi ý khóa #109 cho roadmap 98,79.00
294,98,120,30,high,short,skipped,Gợi ý khóa #120 cho roadmap 98,86.00
295,99,99,10,low,long,completed,Gợi ý khóa #99 cho roadmap 99,73.00
296,99,110,20,high,short,skipped,Gợi ý khóa #110 cho roadmap 99,80.00
297,99,121,30,medium,medium,pending,Gợi ý khóa #121 cho roadmap 99,87.00
298,100,100,10,high,short,skipped,Gợi ý khóa #100 cho roadmap 100,74.00
299,100,111,20,medium,medium,pending,Gợi ý khóa #111 cho roadmap 100,81.00
300,100,122,30,low,long,in_progress,Gợi ý khóa #122 cho roadmap 100,88.00
301,101,101,10,medium,medium,pending,Gợi ý khóa #101 cho roadmap 101,75.00
302,101,112,20,low,long,in_progress,Gợi ý khóa #112 cho roadmap 101,82.00
303,101,123,30,high,short,completed,Gợi ý khóa #123 cho roadmap 101,89.00
304,102,102,10,low,long,in_progress,Gợi ý khóa #102 cho roadmap 102,76.00
305,102,113,20,high,short,completed,Gợi ý khóa #113 cho roadmap 102,83.00
306,102,124,30,medium,medium,skipped,Gợi ý khóa #124 cho roadmap 102,90.00
307,103,103,10,high,short,completed,Gợi ý khóa #103 cho roadmap 103,77.00
308,103,114,20,medium,medium,skipped,Gợi ý khóa #114 cho roadmap 103,84.00
309,103,125,30,low,long,pending,Gợi ý khóa #125 cho roadmap 103,91.00
310,104,104,10,medium,medium,skipped,Gợi ý khóa #104 cho roadmap 104,78.00
311,104,115,20,low,long,pending,Gợi ý khóa #115 cho roadmap 104,85.00
312,104,126,30,high,short,in_progress,Gợi ý khóa #126 cho roadmap 104,92.00
313,105,105,10,low,long,pending,Gợi ý khóa #105 cho roadmap 105,79.00
314,105,116,20,high,short,in_progress,Gợi ý khóa #116 cho roadmap 105,86.00
315,105,127,30,medium,medium,completed,Gợi ý khóa #127 cho roadmap 105,93.00
316,106,106,10,high,short,in_progress,Gợi ý khóa #106 cho roadmap 106,80.00
317,106,117,20,medium,medium,completed,Gợi ý khóa #117 cho roadmap 106,87.00
318,106,128,30,low,long,skipped,Gợi ý khóa #128 cho roadmap 106,94.00
319,107,107,10,medium,medium,completed,Gợi ý khóa #107 cho roadmap 107,81.00
320,107,118,20,low,long,skipped,Gợi ý khóa #118 cho roadmap 107,88.00
321,107,129,30,high,short,pending,Gợi ý khóa #129 cho roadmap 107,55.00
322,108,108,10,low,long,skipped,Gợi ý khóa #108 cho roadmap 108,82.00
323,108,119,20,high,short,pending,Gợi ý khóa #119 cho roadmap 108,89.00
324,108,130,30,medium,medium,in_progress,Gợi ý khóa #130 cho roadmap 108,56.00
325,109,109,10,high,short,pending,Gợi ý khóa #109 cho roadmap 109,83.00
326,109,120,20,medium,medium,in_progress,Gợi ý khóa #120 cho roadmap 109,90.00
327,109,131,30,low,long,completed,Gợi ý khóa #131 cho roadmap 109,57.00
328,110,110,10,medium,medium,in_progress,Gợi ý khóa #110 cho roadmap 110,84.00
329,110,121,20,low,long,completed,Gợi ý khóa #121 cho roadmap 110,91.00
330,110,132,30,high,short,skipped,Gợi ý khóa #132 cho roadmap 110,58.00
331,111,111,10,low,long,completed,Gợi ý khóa #111 cho roadmap 111,85.00
332,111,122,20,high,short,skipped,Gợi ý khóa #122 cho roadmap 111,92.00
333,111,133,30,medium,medium,pending,Gợi ý khóa #133 cho roadmap 111,59.00
334,112,112,10,high,short,skipped,Gợi ý khóa #112 cho roadmap 112,86.00
335,112,123,20,medium,medium,pending,Gợi ý khóa #123 cho roadmap 112,93.00
336,112,134,30,low,long,in_progress,Gợi ý khóa #134 cho roadmap 112,60.00
337,113,113,10,medium,medium,pending,Gợi ý khóa #113 cho roadmap 113,87.00
338,113,124,20,low,long,in_progress,Gợi ý khóa #124 cho roadmap 113,94.00
339,113,135,30,high,short,completed,Gợi ý khóa #135 cho roadmap 113,61.00
340,114,114,10,low,long,in_progress,Gợi ý khóa #114 cho roadmap 114,88.00
341,114,125,20,high,short,completed,Gợi ý khóa #125 cho roadmap 114,55.00
342,114,136,30,medium,medium,skipped,Gợi ý khóa #136 cho roadmap 114,62.00
343,115,115,10,high,short,completed,Gợi ý khóa #115 cho roadmap 115,89.00
344,115,126,20,medium,medium,skipped,Gợi ý khóa #126 cho roadmap 115,56.00
345,115,137,30,low,long,pending,Gợi ý khóa #137 cho roadmap 115,63.00
346,116,116,10,medium,medium,skipped,Gợi ý khóa #116 cho roadmap 116,90.00
347,116,127,20,low,long,pending,Gợi ý khóa #127 cho roadmap 116,57.00
348,116,138,30,high,short,in_progress,Gợi ý khóa #138 cho roadmap 116,64.00
349,117,117,10,low,long,pending,Gợi ý khóa #117 cho roadmap 117,91.00
350,117,128,20,high,short,in_progress,Gợi ý khóa #128 cho roadmap 117,58.00
351,117,139,30,medium,medium,completed,Gợi ý khóa #139 cho roadmap 117,65.00
352,118,118,10,high,short,in_progress,Gợi ý khóa #118 cho roadmap 118,92.00
353,118,129,20,medium,medium,completed,Gợi ý khóa #129 cho roadmap 118,59.00
354,118,140,30,low,long,skipped,Gợi ý khóa #140 cho roadmap 118,66.00
355,119,119,10,medium,medium,completed,Gợi ý khóa #119 cho roadmap 119,93.00
356,119,130,20,low,long,skipped,Gợi ý khóa #130 cho roadmap 119,60.00
357,119,141,30,high,short,pending,Gợi ý khóa #141 cho roadmap 119,67.00
358,120,120,10,low,long,skipped,Gợi ý khóa #120 cho roadmap 120,94.00
359,120,131,20,high,short,pending,Gợi ý khóa #131 cho roadmap 120,61.00
360,120,142,30,medium,medium,in_progress,Gợi ý khóa #142 cho roadmap 120,68.00
361,121,121,10,high,short,pending,Gợi ý khóa #121 cho roadmap 121,55.00
362,121,132,20,medium,medium,in_progress,Gợi ý khóa #132 cho roadmap 121,62.00
363,121,143,30,low,long,completed,Gợi ý khóa #143 cho roadmap 121,69.00
364,122,122,10,medium,medium,in_progress,Gợi ý khóa #122 cho roadmap 122,56.00
365,122,133,20,low,long,completed,Gợi ý khóa #133 cho roadmap 122,63.00
366,122,144,30,high,short,skipped,Gợi ý khóa #144 cho roadmap 122,70.00
367,123,123,10,low,long,completed,Gợi ý khóa #123 cho roadmap 123,57.00
368,123,134,20,high,short,skipped,Gợi ý khóa #134 cho roadmap 123,64.00
369,123,145,30,medium,medium,pending,Gợi ý khóa #145 cho roadmap 123,71.00
370,124,124,10,high,short,skipped,Gợi ý khóa #124 cho roadmap 124,58.00
371,124,135,20,medium,medium,pending,Gợi ý khóa #135 cho roadmap 124,65.00
372,124,146,30,low,long,in_progress,Gợi ý khóa #146 cho roadmap 124,72.00
373,125,125,10,medium,medium,pending,Gợi ý khóa #125 cho roadmap 125,59.00
374,125,136,20,low,long,in_progress,Gợi ý khóa #136 cho roadmap 125,66.00
375,125,147,30,high,short,completed,Gợi ý khóa #147 cho roadmap 125,73.00
376,126,126,10,low,long,in_progress,Gợi ý khóa #126 cho roadmap 126,60.00
377,126,137,20,high,short,completed,Gợi ý khóa #137 cho roadmap 126,67.00
378,126,148,30,medium,medium,skipped,Gợi ý khóa #148 cho roadmap 126,74.00
379,127,127,10,high,short,completed,Gợi ý khóa #127 cho roadmap 127,61.00
380,127,138,20,medium,medium,skipped,Gợi ý khóa #138 cho roadmap 127,68.00
381,127,149,30,low,long,pending,Gợi ý khóa #149 cho roadmap 127,75.00
382,128,128,10,medium,medium,skipped,Gợi ý khóa #128 cho roadmap 128,62.00
383,128,139,20,low,long,pending,Gợi ý khóa #139 cho roadmap 128,69.00
384,128,150,30,high,short,in_progress,Gợi ý khóa #150 cho roadmap 128,76.00
385,129,129,10,low,long,pending,Gợi ý khóa #129 cho roadmap 129,63.00
386,129,140,20,high,short,in_progress,Gợi ý khóa #140 cho roadmap 129,70.00
387,129,151,30,medium,medium,completed,Gợi ý khóa #151 cho roadmap 129,77.00
388,130,130,10,high,short,in_progress,Gợi ý khóa #130 cho roadmap 130,64.00
389,130,141,20,medium,medium,completed,Gợi ý khóa #141 cho roadmap 130,71.00
390,130,152,30,low,long,skipped,Gợi ý khóa #152 cho roadmap 130,78.00
391,131,131,10,medium,medium,completed,Gợi ý khóa #131 cho roadmap 131,65.00
392,131,142,20,low,long,skipped,Gợi ý khóa #142 cho roadmap 131,72.00
393,131,153,30,high,short,pending,Gợi ý khóa #153 cho roadmap 131,79.00
394,132,132,10,low,long,skipped,Gợi ý khóa #132 cho roadmap 132,66.00
395,132,143,20,high,short,pending,Gợi ý khóa #143 cho roadmap 132,73.00
396,132,154,30,medium,medium,in_progress,Gợi ý khóa #154 cho roadmap 132,80.00
397,133,133,10,high,short,pending,Gợi ý khóa #133 cho roadmap 133,67.00
398,133,144,20,medium,medium,in_progress,Gợi ý khóa #144 cho roadmap 133,74.00
399,133,155,30,low,long,completed,Gợi ý khóa #155 cho roadmap 133,81.00
400,134,134,10,medium,medium,in_progress,Gợi ý khóa #134 cho roadmap 134,68.00
401,134,145,20,low,long,completed,Gợi ý khóa #145 cho roadmap 134,75.00
402,134,156,30,high,short,skipped,Gợi ý khóa #156 cho roadmap 134,82.00
403,135,135,10,low,long,completed,Gợi ý khóa #135 cho roadmap 135,69.00
404,135,146,20,high,short,skipped,Gợi ý khóa #146 cho roadmap 135,76.00
405,135,157,30,medium,medium,pending,Gợi ý khóa #157 cho roadmap 135,83.00
406,136,136,10,high,short,skipped,Gợi ý khóa #136 cho roadmap 136,70.00
407,136,147,20,medium,medium,pending,Gợi ý khóa #147 cho roadmap 136,77.00
408,136,158,30,low,long,in_progress,Gợi ý khóa #158 cho roadmap 136,84.00
409,137,137,10,medium,medium,pending,Gợi ý khóa #137 cho roadmap 137,71.00
410,137,148,20,low,long,in_progress,Gợi ý khóa #148 cho roadmap 137,78.00
411,137,159,30,high,short,completed,Gợi ý khóa #159 cho roadmap 137,85.00
412,138,138,10,low,long,in_progress,Gợi ý khóa #138 cho roadmap 138,72.00
413,138,149,20,high,short,completed,Gợi ý khóa #149 cho roadmap 138,79.00
414,138,160,30,medium,medium,skipped,Gợi ý khóa #160 cho roadmap 138,86.00
415,139,139,10,high,short,completed,Gợi ý khóa #139 cho roadmap 139,73.00
416,139,150,20,medium,medium,skipped,Gợi ý khóa #150 cho roadmap 139,80.00
417,139,161,30,low,long,pending,Gợi ý khóa #161 cho roadmap 139,87.00
418,140,140,10,medium,medium,skipped,Gợi ý khóa #140 cho roadmap 140,74.00
419,140,151,20,low,long,pending,Gợi ý khóa #151 cho roadmap 140,81.00
420,140,162,30,high,short,in_progress,Gợi ý khóa #162 cho roadmap 140,88.00
421,141,141,10,low,long,pending,Gợi ý khóa #141 cho roadmap 141,75.00
422,141,152,20,high,short,in_progress,Gợi ý khóa #152 cho roadmap 141,82.00
423,141,163,30,medium,medium,completed,Gợi ý khóa #163 cho roadmap 141,89.00
424,142,142,10,high,short,in_progress,Gợi ý khóa #142 cho roadmap 142,76.00
425,142,153,20,medium,medium,completed,Gợi ý khóa #153 cho roadmap 142,83.00
426,142,164,30,low,long,skipped,Gợi ý khóa #164 cho roadmap 142,90.00
427,143,143,10,medium,medium,completed,Gợi ý khóa #143 cho roadmap 143,77.00
428,143,154,20,low,long,skipped,Gợi ý khóa #154 cho roadmap 143,84.00
429,143,165,30,high,short,pending,Gợi ý khóa #165 cho roadmap 143,91.00
430,144,144,10,low,long,skipped,Gợi ý khóa #144 cho roadmap 144,78.00
431,144,155,20,high,short,pending,Gợi ý khóa #155 cho roadmap 144,85.00
432,144,166,30,medium,medium,in_progress,Gợi ý khóa #166 cho roadmap 144,92.00
433,145,145,10,high,short,pending,Gợi ý khóa #145 cho roadmap 145,79.00
434,145,156,20,medium,medium,in_progress,Gợi ý khóa #156 cho roadmap 145,86.00
435,145,167,30,low,long,completed,Gợi ý khóa #167 cho roadmap 145,93.00
436,146,146,10,medium,medium,in_progress,Gợi ý khóa #146 cho roadmap 146,80.00
437,146,157,20,low,long,completed,Gợi ý khóa #157 cho roadmap 146,87.00
438,146,168,30,high,short,skipped,Gợi ý khóa #168 cho roadmap 146,94.00
439,147,147,10,low,long,completed,Gợi ý khóa #147 cho roadmap 147,81.00
440,147,158,20,high,short,skipped,Gợi ý khóa #158 cho roadmap 147,88.00
441,147,169,30,medium,medium,pending,Gợi ý khóa #169 cho roadmap 147,55.00
442,148,148,10,high,short,skipped,Gợi ý khóa #148 cho roadmap 148,82.00
443,148,159,20,medium,medium,pending,Gợi ý khóa #159 cho roadmap 148,89.00
444,148,170,30,low,long,in_progress,Gợi ý khóa #170 cho roadmap 148,56.00
445,149,149,10,medium,medium,pending,Gợi ý khóa #149 cho roadmap 149,83.00
446,149,160,20,low,long,in_progress,Gợi ý khóa #160 cho roadmap 149,90.00
447,149,171,30,high,short,completed,Gợi ý khóa #171 cho roadmap 149,57.00
448,150,150,10,low,long,in_progress,Gợi ý khóa #150 cho roadmap 150,84.00
449,150,161,20,high,short,completed,Gợi ý khóa #161 cho roadmap 150,91.00
450,150,172,30,medium,medium,skipped,Gợi ý khóa #172 cho roadmap 150,58.00
451,151,151,10,high,short,completed,Gợi ý khóa #151 cho roadmap 151,85.00
452,151,162,20,medium,medium,skipped,Gợi ý khóa #162 cho roadmap 151,92.00
453,151,173,30,low,long,pending,Gợi ý khóa #173 cho roadmap 151,59.00
454,152,152,10,medium,medium,skipped,Gợi ý khóa #152 cho roadmap 152,86.00
455,152,163,20,low,long,pending,Gợi ý khóa #163 cho roadmap 152,93.00
456,152,174,30,high,short,in_progress,Gợi ý khóa #174 cho roadmap 152,60.00
457,153,153,10,low,long,pending,Gợi ý khóa #153 cho roadmap 153,87.00
458,153,164,20,high,short,in_progress,Gợi ý khóa #164 cho roadmap 153,94.00
459,153,175,30,medium,medium,completed,Gợi ý khóa #175 cho roadmap 153,61.00
460,154,154,10,high,short,in_progress,Gợi ý khóa #154 cho roadmap 154,88.00
461,154,165,20,medium,medium,completed,Gợi ý khóa #165 cho roadmap 154,55.00
462,154,176,30,low,long,skipped,Gợi ý khóa #176 cho roadmap 154,62.00
463,155,155,10,medium,medium,completed,Gợi ý khóa #155 cho roadmap 155,89.00
464,155,166,20,low,long,skipped,Gợi ý khóa #166 cho roadmap 155,56.00
465,155,177,30,high,short,pending,Gợi ý khóa #177 cho roadmap 155,63.00
466,156,156,10,low,long,skipped,Gợi ý khóa #156 cho roadmap 156,90.00
467,156,167,20,high,short,pending,Gợi ý khóa #167 cho roadmap 156,57.00
468,156,178,30,medium,medium,in_progress,Gợi ý khóa #178 cho roadmap 156,64.00
469,157,157,10,high,short,pending,Gợi ý khóa #157 cho roadmap 157,91.00
470,157,168,20,medium,medium,in_progress,Gợi ý khóa #168 cho roadmap 157,58.00
471,157,179,30,low,long,completed,Gợi ý khóa #179 cho roadmap 157,65.00
472,158,158,10,medium,medium,in_progress,Gợi ý khóa #158 cho roadmap 158,92.00
473,158,169,20,low,long,completed,Gợi ý khóa #169 cho roadmap 158,59.00
474,158,180,30,high,short,skipped,Gợi ý khóa #180 cho roadmap 158,66.00
475,159,159,10,low,long,completed,Gợi ý khóa #159 cho roadmap 159,93.00
476,159,170,20,high,short,skipped,Gợi ý khóa #170 cho roadmap 159,60.00
477,159,181,30,medium,medium,pending,Gợi ý khóa #181 cho roadmap 159,67.00
478,160,160,10,high,short,skipped,Gợi ý khóa #160 cho roadmap 160,94.00
479,160,171,20,medium,medium,pending,Gợi ý khóa #171 cho roadmap 160,61.00
480,160,182,30,low,long,in_progress,Gợi ý khóa #182 cho roadmap 160,68.00
481,161,161,10,medium,medium,pending,Gợi ý khóa #161 cho roadmap 161,55.00
482,161,172,20,low,long,in_progress,Gợi ý khóa #172 cho roadmap 161,62.00
483,161,183,30,high,short,completed,Gợi ý khóa #183 cho roadmap 161,69.00
484,162,162,10,low,long,in_progress,Gợi ý khóa #162 cho roadmap 162,56.00
485,162,173,20,high,short,completed,Gợi ý khóa #173 cho roadmap 162,63.00
486,162,184,30,medium,medium,skipped,Gợi ý khóa #184 cho roadmap 162,70.00
487,163,163,10,high,short,completed,Gợi ý khóa #163 cho roadmap 163,57.00
488,163,174,20,medium,medium,skipped,Gợi ý khóa #174 cho roadmap 163,64.00
489,163,185,30,low,long,pending,Gợi ý khóa #185 cho roadmap 163,71.00
490,164,164,10,medium,medium,skipped,Gợi ý khóa #164 cho roadmap 164,58.00
491,164,175,20,low,long,pending,Gợi ý khóa #175 cho roadmap 164,65.00
492,164,186,30,high,short,in_progress,Gợi ý khóa #186 cho roadmap 164,72.00
493,165,165,10,low,long,pending,Gợi ý khóa #165 cho roadmap 165,59.00
494,165,176,20,high,short,in_progress,Gợi ý khóa #176 cho roadmap 165,66.00
495,165,187,30,medium,medium,completed,Gợi ý khóa #187 cho roadmap 165,73.00
496,166,166,10,high,short,in_progress,Gợi ý khóa #166 cho roadmap 166,60.00
497,166,177,20,medium,medium,completed,Gợi ý khóa #177 cho roadmap 166,67.00
498,166,188,30,low,long,skipped,Gợi ý khóa #188 cho roadmap 166,74.00
499,167,167,10,medium,medium,completed,Gợi ý khóa #167 cho roadmap 167,61.00
500,167,178,20,low,long,skipped,Gợi ý khóa #178 cho roadmap 167,68.00
501,167,189,30,high,short,pending,Gợi ý khóa #189 cho roadmap 167,75.00
502,168,168,10,low,long,skipped,Gợi ý khóa #168 cho roadmap 168,62.00
503,168,179,20,high,short,pending,Gợi ý khóa #179 cho roadmap 168,69.00
504,168,190,30,medium,medium,in_progress,Gợi ý khóa #190 cho roadmap 168,76.00
505,169,169,10,high,short,pending,Gợi ý khóa #169 cho roadmap 169,63.00
506,169,180,20,medium,medium,in_progress,Gợi ý khóa #180 cho roadmap 169,70.00
507,169,191,30,low,long,completed,Gợi ý khóa #191 cho roadmap 169,77.00
508,170,170,10,medium,medium,in_progress,Gợi ý khóa #170 cho roadmap 170,64.00
509,170,181,20,low,long,completed,Gợi ý khóa #181 cho roadmap 170,71.00
510,170,192,30,high,short,skipped,Gợi ý khóa #192 cho roadmap 170,78.00
511,171,171,10,low,long,completed,Gợi ý khóa #171 cho roadmap 171,65.00
512,171,182,20,high,short,skipped,Gợi ý khóa #182 cho roadmap 171,72.00
513,171,193,30,medium,medium,pending,Gợi ý khóa #193 cho roadmap 171,79.00
514,172,172,10,high,short,skipped,Gợi ý khóa #172 cho roadmap 172,66.00
515,172,183,20,medium,medium,pending,Gợi ý khóa #183 cho roadmap 172,73.00
516,172,194,30,low,long,in_progress,Gợi ý khóa #194 cho roadmap 172,80.00
517,173,173,10,medium,medium,pending,Gợi ý khóa #173 cho roadmap 173,67.00
518,173,184,20,low,long,in_progress,Gợi ý khóa #184 cho roadmap 173,74.00
519,173,195,30,high,short,completed,Gợi ý khóa #195 cho roadmap 173,81.00
520,174,174,10,low,long,in_progress,Gợi ý khóa #174 cho roadmap 174,68.00
521,174,185,20,high,short,completed,Gợi ý khóa #185 cho roadmap 174,75.00
522,174,196,30,medium,medium,skipped,Gợi ý khóa #196 cho roadmap 174,82.00
523,175,175,10,high,short,completed,Gợi ý khóa #175 cho roadmap 175,69.00
524,175,186,20,medium,medium,skipped,Gợi ý khóa #186 cho roadmap 175,76.00
525,175,197,30,low,long,pending,Gợi ý khóa #197 cho roadmap 175,83.00
526,176,176,10,medium,medium,skipped,Gợi ý khóa #176 cho roadmap 176,70.00
527,176,187,20,low,long,pending,Gợi ý khóa #187 cho roadmap 176,77.00
528,176,198,30,high,short,in_progress,Gợi ý khóa #198 cho roadmap 176,84.00
529,177,177,10,low,long,pending,Gợi ý khóa #177 cho roadmap 177,71.00
530,177,188,20,high,short,in_progress,Gợi ý khóa #188 cho roadmap 177,78.00
531,177,199,30,medium,medium,completed,Gợi ý khóa #199 cho roadmap 177,85.00
532,178,178,10,high,short,in_progress,Gợi ý khóa #178 cho roadmap 178,72.00
533,178,189,20,medium,medium,completed,Gợi ý khóa #189 cho roadmap 178,79.00
534,178,200,30,low,long,skipped,Gợi ý khóa #200 cho roadmap 178,86.00
535,179,179,10,medium,medium,completed,Gợi ý khóa #179 cho roadmap 179,73.00
536,179,190,20,low,long,skipped,Gợi ý khóa #190 cho roadmap 179,80.00
537,179,1,30,high,short,pending,Gợi ý khóa #1 cho roadmap 179,87.00
538,180,180,10,low,long,skipped,Gợi ý khóa #180 cho roadmap 180,74.00
539,180,191,20,high,short,pending,Gợi ý khóa #191 cho roadmap 180,81.00
540,180,2,30,medium,medium,in_progress,Gợi ý khóa #2 cho roadmap 180,88.00
541,181,181,10,high,short,pending,Gợi ý khóa #181 cho roadmap 181,75.00
542,181,192,20,medium,medium,in_progress,Gợi ý khóa #192 cho roadmap 181,82.00
543,181,3,30,low,long,completed,Gợi ý khóa #3 cho roadmap 181,89.00
544,182,182,10,medium,medium,in_progress,Gợi ý khóa #182 cho roadmap 182,76.00
545,182,193,20,low,long,completed,Gợi ý khóa #193 cho roadmap 182,83.00
546,182,4,30,high,short,skipped,Gợi ý khóa #4 cho roadmap 182,90.00
547,183,183,10,low,long,completed,Gợi ý khóa #183 cho roadmap 183,77.00
548,183,194,20,high,short,skipped,Gợi ý khóa #194 cho roadmap 183,84.00
549,183,5,30,medium,medium,pending,Gợi ý khóa #5 cho roadmap 183,91.00
550,184,184,10,high,short,skipped,Gợi ý khóa #184 cho roadmap 184,78.00
551,184,195,20,medium,medium,pending,Gợi ý khóa #195 cho roadmap 184,85.00
552,184,6,30,low,long,in_progress,Gợi ý khóa #6 cho roadmap 184,92.00
553,185,185,10,medium,medium,pending,Gợi ý khóa #185 cho roadmap 185,79.00
554,185,196,20,low,long,in_progress,Gợi ý khóa #196 cho roadmap 185,86.00
555,185,7,30,high,short,completed,Gợi ý khóa #7 cho roadmap 185,93.00
556,186,186,10,low,long,in_progress,Gợi ý khóa #186 cho roadmap 186,80.00
557,186,197,20,high,short,completed,Gợi ý khóa #197 cho roadmap 186,87.00
558,186,8,30,medium,medium,skipped,Gợi ý khóa #8 cho roadmap 186,94.00
559,187,187,10,high,short,completed,Gợi ý khóa #187 cho roadmap 187,81.00
560,187,198,20,medium,medium,skipped,Gợi ý khóa #198 cho roadmap 187,88.00
561,187,9,30,low,long,pending,Gợi ý khóa #9 cho roadmap 187,55.00
562,188,188,10,medium,medium,skipped,Gợi ý khóa #188 cho roadmap 188,82.00
563,188,199,20,low,long,pending,Gợi ý khóa #199 cho roadmap 188,89.00
564,188,10,30,high,short,in_progress,Gợi ý khóa #10 cho roadmap 188,56.00
565,189,189,10,low,long,pending,Gợi ý khóa #189 cho roadmap 189,83.00
566,189,200,20,high,short,in_progress,Gợi ý khóa #200 cho roadmap 189,90.00
567,189,11,30,medium,medium,completed,Gợi ý khóa #11 cho roadmap 189,57.00
568,190,190,10,high,short,in_progress,Gợi ý khóa #190 cho roadmap 190,84.00
569,190,1,20,medium,medium,completed,Gợi ý khóa #1 cho roadmap 190,91.00
570,190,12,30,low,long,skipped,Gợi ý khóa #12 cho roadmap 190,58.00
571,191,191,10,medium,medium,completed,Gợi ý khóa #191 cho roadmap 191,85.00
572,191,2,20,low,long,skipped,Gợi ý khóa #2 cho roadmap 191,92.00
573,191,13,30,high,short,pending,Gợi ý khóa #13 cho roadmap 191,59.00
574,192,192,10,low,long,skipped,Gợi ý khóa #192 cho roadmap 192,86.00
575,192,3,20,high,short,pending,Gợi ý khóa #3 cho roadmap 192,93.00
576,192,14,30,medium,medium,in_progress,Gợi ý khóa #14 cho roadmap 192,60.00
577,193,193,10,high,short,pending,Gợi ý khóa #193 cho roadmap 193,87.00
578,193,4,20,medium,medium,in_progress,Gợi ý khóa #4 cho roadmap 193,94.00
579,193,15,30,low,long,completed,Gợi ý khóa #15 cho roadmap 193,61.00
580,194,194,10,medium,medium,in_progress,Gợi ý khóa #194 cho roadmap 194,88.00
581,194,5,20,low,long,completed,Gợi ý khóa #5 cho roadmap 194,55.00
582,194,16,30,high,short,skipped,Gợi ý khóa #16 cho roadmap 194,62.00
583,195,195,10,low,long,completed,Gợi ý khóa #195 cho roadmap 195,89.00
584,195,6,20,high,short,skipped,Gợi ý khóa #6 cho roadmap 195,56.00
585,195,17,30,medium,medium,pending,Gợi ý khóa #17 cho roadmap 195,63.00
586,196,196,10,high,short,skipped,Gợi ý khóa #196 cho roadmap 196,90.00
587,196,7,20,medium,medium,pending,Gợi ý khóa #7 cho roadmap 196,57.00
588,196,18,30,low,long,in_progress,Gợi ý khóa #18 cho roadmap 196,64.00
589,197,197,10,medium,medium,pending,Gợi ý khóa #197 cho roadmap 197,91.00
590,197,8,20,low,long,in_progress,Gợi ý khóa #8 cho roadmap 197,58.00
591,197,19,30,high,short,completed,Gợi ý khóa #19 cho roadmap 197,65.00
592,198,198,10,low,long,in_progress,Gợi ý khóa #198 cho roadmap 198,92.00
593,198,9,20,high,short,completed,Gợi ý khóa #9 cho roadmap 198,59.00
594,198,20,30,medium,medium,skipped,Gợi ý khóa #20 cho roadmap 198,66.00
595,199,199,10,high,short,completed,Gợi ý khóa #199 cho roadmap 199,93.00
596,199,10,20,medium,medium,skipped,Gợi ý khóa #10 cho roadmap 199,60.00
597,199,21,30,low,long,pending,Gợi ý khóa #21 cho roadmap 199,67.00
598,200,200,10,medium,medium,skipped,Gợi ý khóa #200 cho roadmap 200,94.00
599,200,11,20,low,long,pending,Gợi ý khóa #11 cho roadmap 200,61.00
600,200,22,30,high,short,in_progress,Gợi ý khóa #22 cho roadmap 200,68.00
